"Participant","Condition","Trial","Group","PACtype","PACtime","PACstartTime","PACendTime","Event","cubeColor"
"nuP13","comp",2,"e","grab",93.5793,638336715619102736,638336715620038529,"Network Gold Cube WholeClone5 was picked up","Gold"
"nuP13","comp",2,"e","grab",162.9994,638336715654156540,638336715655786534,"Network Red CubeClone5 was picked up","Red"
"nuP13","comp",2,"e","grab",228.7194,638336715694488611,638336715696775805,"Network Neutral CubeClone14 was picked up","White"
"nuP13","comp",2,"e","grab",329.9992,638336715759348622,638336715762648614,"Network Red CubeClone23 was picked up","Red"
"nuP13","comp",2,"e","grab",108.9999,638336715792798533,638336715793888532,"Network Blue CubeClone24 was picked up","Blue"
"nuP13","comp",2,"e","grab",226.851,638336715824256415,638336715826524925,"Network Gold Cube WholeClone8 was picked up","Gold"
"nuP13","comp",2,"e","grab",529.1075,638336715872283192,638336715877574267,"Network Blue CubeClone37 was picked up","Blue"
"nuP13","comp",2,"e","grab",379.3737,638336715893829121,638336715897622858,"Network Neutral CubeClone43 was picked up","White"
"nuP13","comp",2,"e","grab",411.9989,638336715920882786,638336715925002775,"Network Red CubeClone45 was picked up","Red"
"nuP13","comp",2,"e","grab",596.7625,638336715956899336,638336715962866961,"Network Gold Cube WholeClone53 was picked up","Gold"
"nuP13","comp",2,"e","grab",1993.5162,638336715963267265,638336715983202427,"Network Gold Cube WholeClone56 was picked up","Gold"
"nuP13","comp",2,"e","grab",211.0172,638336716074250739,638336716076360911,"Network Red CubeClone65 was picked up","Red"
"nuP13","comp",2,"e","grab",201.0003,638336716104124327,638336716106134330,"Network Neutral CubeClone72 was picked up","White"
"nuP13","comp",2,"e","grab",241.9991,638336716163182655,638336716165602646,"Network Gold Cube WholeClone67 was picked up","Gold"
"nuP13","comp",2,"e","grab",18.001,638336716207804362,638336716207984372,"Network Neutral CubeClone85 was picked up","White"
"nuP13","comp",2,"e","grab",410.9999,638336716276981326,638336716281091325,"Network Red CubeClone92 was picked up","Red"
"nuP13","comp",2,"e","grab",148.0015,638336716303271264,638336716304751279,"Network Blue CubeClone95 was picked up","Blue"
"nuP13","comp",2,"e","grab",376.6036,638336716332632246,638336716336398282,"Network Gold Cube WholeClone98 was picked up","Gold"
"nuP13","comp",2,"e","grab",173.0015,638336716372989849,638336716374719864,"Network Blue CubeClone109 was picked up","Blue"
"nuP13","comp",2,"e","grab",274.9981,638336716401414372,638336716404164353,"Network Neutral CubeClone113 was picked up","White"
"nuP13","comp",2,"e","grab",17.0002,638336716461171810,638336716461341812,"Network Gold Cube WholeClone108 was picked up","Gold"
"nuP13","comp",2,"e","grab",304.9993,638336716490017574,638336716493067567,"Network Neutral CubeClone124 was picked up","White"
"nuP13","comp",2,"e","grab",254.9996,638336716538684442,638336716541234438,"Network Red CubeClone128 was picked up","Red"
"nuP13","comp",2,"e","grab",156.8651,638336716566558454,638336716568127105,"Network Neutral CubeClone136 was picked up","White"
"nuP13","comp",2,"e","grab",243.44,638336716631382617,638336716633817017,"Network Red CubeClone141 was picked up","Red"
"nuP13","comp",2,"e","grab",155.0109,638336716660031589,638336716661581698,"Network Blue CubeClone148 was picked up","Blue"
"nuP13","comp",2,"e","grab",165.0013,638336716676020614,638336716677670627,"Network Neutral CubeClone151 was picked up","White"
"nuP13","comp",2,"e","grab",27.0008,638336716714873004,638336716715143012,"Network Blue CubeClone154 was picked up","Blue"
"nuP13","comp",2,"e","grab",323.2609,638336716798782225,638336716802014834,"Network Gold Cube WholeClone168 was picked up","Gold"
"nuP13","comp",2,"e","grab",149.8826,638336716857662759,638336716859161585,"Network Red CubeClone172 was picked up","Red"
"nuP13","comp",2,"e","grab",773.8673,638336716873723311,638336716881461984,"Network Gold Cube WholeClone173 was picked up","Gold"
"nuP13","comp",2,"e","grab",151.0114,638336716916472122,638336716917982236,"Network Neutral CubeClone185 was picked up","White"
"nuP13","comp",2,"e","grab",200.1388,638336717012595107,638336717014596495,"Network Blue CubeClone193 was picked up","Blue"
"nuP13","comp",2,"e","grab",283.3993,638336717069461567,638336717072295560,"Network Blue CubeClone201 was picked up","Blue"
"nuP13","comp",2,"e","grab",1969.9059,638336717069461567,638336717089160626,"Network Gold Cube WholeClone210 was picked up","Gold"
"nuP13","comp",2,"e","grab",96.0002,638336717116705177,638336717117665179,"Network Red CubeClone209 was picked up","Red"
"nuP13","comp",2,"e","grab",181.9995,638336717150399069,638336717152219064,"Network Blue CubeClone213 was picked up","Blue"
"nuP13","comp",2,"e","grab",151.5482,638336717170804354,638336717172319836,"Network Neutral CubeClone219 was picked up","White"
"nuP13","comp",2,"e","grab",584.9999,638336717234651132,638336717240501131,"Network Blue CubeClone228 was picked up","Blue"
"nuP13","comp",2,"e","grab",107.2964,638336717316066612,638336717317139576,"Network Neutral CubeClone239 was picked up","White"
"nuP13","comp",2,"e","grab",32.9993,638336717346424423,638336717346754416,"Network Red CubeClone243 was picked up","Red"
"nuP13","comp",2,"e","grab",119.0747,638336717364370471,638336717365561218,"Network Neutral CubeClone247 was picked up","White"
"nuP13","comp",2,"e","grab",275.9223,638336717406059442,638336717408818665,"Network Red CubeClone250 was picked up","Red"
"nuP13","comp",2,"e","grab",187.2418,638336717425389322,638336717427261740,"Network Neutral CubeClone255 was picked up","White"
"nuP13","comp",2,"e","grab",690.3412,638336717425796247,638336717432699659,"Network Blue CubeClone253 was picked up","Blue"
"nuP13","comp",2,"e","grab",1677.6038,638336717495168795,638336717511944833,"Network Gold Cube WholeClone264 was picked up","Gold"
"nuP13","comp",2,"e","grab",804.3232,638336717664772690,638336717672815922,"Network Gold Cube WholeClone272 was picked up","Gold"
"nuP13","comp",2,"e","grab",488.0004,638336717694328173,638336717699208177,"Network Neutral CubeClone294 was picked up","White"
"nuP13","comp",2,"e","grab",601.2046,638336717714274829,638336717720286875,"Network Gold Cube WholeClone295 was picked up","Gold"
"nuP13","comp",2,"e","grab",796.9987,638336717746602780,638336717754572767,"Network Gold Cube WholeClone301 was picked up","Gold"
"nuP13","comp",2,"e","grab",492.9982,638336717758332759,638336717763262741,"Network Red CubeClone300 was picked up","Red"
"nuP13","comp",2,"e","grab",243.0016,638336717786862694,638336717789292710,"Network Red CubeClone305 was picked up","Red"
"nuP13","comp",2,"e","grab",164.9985,638336717849820730,638336717851470715,"Network Blue CubeClone313 was picked up","Blue"
"nuP13","comp",2,"e","grab",169.0001,638336717870083657,638336717871773658,"Network Red CubeClone315 was picked up","Red"
"nuP13","comp",2,"e","grab",132.0007,638336717901533589,638336717902853596,"Network Neutral CubeClone322 was picked up","White"
"nuP13","comp",2,"e","grab",537.0318,638336717933038761,638336717938409079,"Network Gold Cube WholeClone327 was picked up","Gold"
"nuP13","comp",2,"e","grab",919.9981,638336717957780655,638336717966980636,"Network Gold Cube WholeClone332 was picked up","Gold"
"nuP13","comp",2,"e","grab",303.9992,638336717989567833,638336717992607825,"Network Neutral CubeClone334 was picked up","White"
"nuP13","comp",2,"e","grab",1346.9989,638336717989567833,638336718003037822,"Network Gold Cube WholeClone336 was picked up","Gold"
"nuP13","comp",2,"e","grab",212.9979,638336718009077812,638336718011207791,"Network Blue CubeClone335 was picked up","Blue"
"nuP13","comp",2,"e","grab",223.0892,638336718162186550,638336718164417442,"Network Blue CubeClone353 was picked up","Blue"
"nuP13","comp",2,"e","grab",32.0011,638336718205118344,638336718205438355,"Network Neutral CubeClone363 was picked up","White"
"nuP13","comp",2,"e","grab",156.2413,638336718291664932,638336718293227345,"Network Blue CubeClone372 was picked up","Blue"
"nuP13","comp",2,"e","grab",723.7185,638336718311388437,638336718318625622,"Network Gold Cube WholeClone348 was picked up","Gold"
"nuP13","comp",2,"e","grab",186.0008,638336718322215605,638336718324075613,"Network Red CubeClone376 was picked up","Red"
"nuP13","comp",2,"e","grab",238.0005,638336718386194078,638336718388574083,"Network Blue CubeClone389 was picked up","Blue"
"nuP13","comp",2,"e","grab",173.9981,638336718422912747,638336718424652728,"Network Red CubeClone391 was picked up","Red"
"nuP13","comp",2,"e","grab",296.0006,638336718452317883,638336718455277889,"Network Blue CubeClone398 was picked up","Blue"
"nuP13","comp",2,"e","grab",43.0121,638336718498564969,638336718498995090,"Network Blue CubeClone402 was picked up","Blue"
"nuP13","comp",2,"e","grab",207.4402,638336718548744833,638336718550819235,"Network Red CubeClone410 was picked up","Red"
"nuP13","comp",2,"e","place",700.0623,638336715634840301,638336715641840924,"Network Gold Cube WholeClone5 was dropped in DropzonePlaceHolderClone2","Gold"
"nuP13","comp",2,"e","place",777.9998,638336715660816511,638336715668596509,"Network Red CubeClone5 was dropped in DropzonePlaceHolderClone1","Red"
"nuP13","comp",2,"e","place",1295.1639,638336715710207775,638336715723159414,"Network Neutral CubeClone14 was dropped in DropzonePlaceHolderClone3","White"
"nuP13","comp",2,"e","place",1296.9975,638336715770898582,638336715783868557,"Network Red CubeClone23 was dropped in DropzonePlaceHolderClone5","Red"
"nuP13","comp",2,"e","place",891.9989,638336715798318524,638336715807238513,"Network Blue CubeClone24 was dropped in DropzonePlaceHolderClone4","Blue"
"nuP13","comp",2,"e","place",758.6105,638336715832022786,638336715839608891,"Network Gold Cube WholeClone8 was dropped in DropzonePlaceHolderClone1","Gold"
"nuP13","comp",2,"e","place",626.5019,638336715883273980,638336715889538999,"Network Blue CubeClone37 was dropped in DropzonePlaceHolderClone3","Blue"
"nuP13","comp",2,"e","place",641.9995,638336715900822829,638336715907242824,"Network Neutral CubeClone43 was dropped in DropzonePlaceHolderClone2","White"
"nuP13","comp",2,"e","place",620.9997,638336715934932758,638336715941142755,"Network Red CubeClone45 was dropped in DropzonePlaceHolderClone4","Red"
"nuP13","comp",2,"e","place",1198.588,638336715992780052,638336716004765932,"Network Gold Cube WholeClone56 was dropped in DropzonePlaceHolderClone5","Gold"
"nuP13","comp",2,"e","place",1277.997,638336716045312525,638336716058092495,"Network Blue CubeClone59 was dropped in DropzonePlaceHolderClone2","Blue"
"nuP13","comp",2,"e","place",798.1439,638336716081937664,638336716089919103,"Network Red CubeClone65 was dropped in DropzonePlaceHolderClone3","Red"
"nuP13","comp",2,"e","place",847.8965,638336716135126107,638336716143605072,"Network Neutral CubeClone76 was dropped in DropzonePlaceHolderClone1","White"
"nuP13","comp",2,"e","place",735.999,638336716174762613,638336716182122603,"Network Gold Cube WholeClone67 was dropped in DropzonePlaceHolderClone4","Gold"
"nuP13","comp",2,"e","place",1294.9952,638336716224485516,638336716237435468,"Network Neutral CubeClone85 was dropped in DropzonePlaceHolderClone5","White"
"nuP13","comp",2,"e","place",756.9986,638336716285271303,638336716292841289,"Network Red CubeClone92 was dropped in DropzonePlaceHolderClone2","Red"
"nuP13","comp",2,"e","place",788.0238,638336716310771249,638336716318651487,"Network Blue CubeClone95 was dropped in DropzonePlaceHolderClone1","Blue"
"nuP13","comp",2,"e","place",651.9989,638336716343964581,638336716350484570,"Network Gold Cube WholeClone98 was dropped in DropzonePlaceHolderClone3","Gold"
"nuP13","comp",2,"e","place",624.7414,638336716383937004,638336716390184418,"Network Blue CubeClone109 was dropped in DropzonePlaceHolderClone5","Blue"
"nuP13","comp",2,"e","place",735.9994,638336716410064340,638336716417424334,"Network Neutral CubeClone113 was dropped in DropzonePlaceHolderClone4","White"
"nuP13","comp",2,"e","place",605.7497,638336716447939472,638336716453996969,"Network Red CubeClone116 was dropped in DropzonePlaceHolderClone1","Red"
"nuP13","comp",2,"e","place",551.9442,638336716466578158,638336716472097600,"Network Gold Cube WholeClone108 was dropped in DropzonePlaceHolderClone2","Gold"
"nuP13","comp",2,"e","place",697.9965,638336716526054499,638336716533034464,"Network Blue CubeClone126 was dropped in DropzonePlaceHolderClone4","Blue"
"nuP13","comp",2,"e","place",734.9983,638336716546194422,638336716553544405,"Network Red CubeClone128 was dropped in DropzonePlaceHolderClone5","Red"
"nuP13","comp",2,"e","place",801.1456,638336716572958198,638336716580969654,"Network Neutral CubeClone136 was dropped in DropzonePlaceHolderClone3","White"
"nuP13","comp",2,"e","place",1105.0546,638336716641100129,638336716652150675,"Network Red CubeClone141 was dropped in DropzonePlaceHolderClone2","Red"
"nuP13","comp",2,"e","place",720.8822,638336716665481788,638336716672690610,"Network Blue CubeClone148 was dropped in DropzonePlaceHolderClone1","Blue"
"nuP13","comp",2,"e","place",667.5212,638336716692691636,638336716699366848,"Network Neutral CubeClone151 was dropped in DropzonePlaceHolderClone4","White"
"nuP13","comp",2,"e","place",603.9983,638336716729592981,638336716735632964,"Network Blue CubeClone154 was dropped in DropzonePlaceHolderClone5","Blue"
"nuP13","comp",2,"e","place",897.964,638336716773222454,638336716782202094,"Network Gold Cube WholeClone165 was dropped in DropzonePlaceHolderClone3","Gold"
"nuP13","comp",2,"e","place",1293.1706,638336716812552732,638336716825484438,"Network Gold Cube WholeClone168 was dropped in DropzonePlaceHolderClone2","Gold"
"nuP13","comp",2,"e","place",614.1714,638336716864721565,638336716870863279,"Network Red CubeClone172 was dropped in DropzonePlaceHolderClone1","Red"
"nuP13","comp",2,"e","place",1196.9253,638336716892402578,638336716904371831,"Network Gold Cube WholeClone173 was dropped in DropzonePlaceHolderClone1","Gold"
"nuP13","comp",2,"e","place",1208.7153,638336716926900092,638336716938987245,"Network Neutral CubeClone185 was dropped in DropzonePlaceHolderClone3","White"
"nuP13","comp",2,"e","place",692.9898,638336716962934499,638336716969864397,"Network Blue CubeClone187 was dropped in DropzonePlaceHolderClone4","Blue"
"nuP13","comp",2,"e","place",379.7533,638336716988326308,638336716992123841,"Network Red CubeClone190 was dropped in DropzonePlaceHolderClone5","Red"
"nuP13","comp",2,"e","place",673.4033,638336717020558522,638336717027292555,"Network Blue CubeClone193 was dropped in DropzonePlaceHolderClone3","Blue"
"nuP13","comp",2,"e","place",380.8729,638336717050071750,638336717053880479,"Network Neutral CubeClone202 was dropped in DropzonePlaceHolderClone2","White"
"nuP13","comp",2,"e","place",500.997,638336717097590621,638336717102600591,"Network Gold Cube WholeClone210 was dropped in DropzonePlaceHolderClone5","Gold"
"nuP13","comp",2,"e","place",705.1787,638336717122707566,638336717129759353,"Network Red CubeClone209 was dropped in DropzonePlaceHolderClone4","Red"
"nuP13","comp",2,"e","place",765.5162,638336717157599056,638336717165254218,"Network Blue CubeClone213 was dropped in DropzonePlaceHolderClone2","Blue"
"nuP13","comp",2,"e","place",295.0482,638336717178701687,638336717181652169,"Network Neutral CubeClone219 was dropped in DropzonePlaceHolderClone1","White"
"nuP13","comp",2,"e","place",745.9983,638336717208311167,638336717215771150,"Network Gold Cube WholeClone219 was dropped in DropzonePlaceHolderClone4","Gold"
"nuP13","comp",2,"e","place",1027.0376,638336717287031030,638336717297301406,"Network Red CubeClone229 was dropped in DropzonePlaceHolderClone3","Red"
"nuP13","comp",2,"e","place",835.3723,638336717371848195,638336717380201918,"Network Neutral CubeClone247 was dropped in DropzonePlaceHolderClone5","White"
"nuP13","comp",2,"e","place",261.528,638336717418939854,638336717421555134,"Network Red CubeClone250 was dropped in DropzonePlaceHolderClone2","Red"
"nuP13","comp",2,"e","place",222.0399,638336717438912592,638336717441132991,"Network Blue CubeClone253 was dropped in DropzonePlaceHolderClone1","Blue"
"nuP13","comp",2,"e","place",611.6205,638336717461993469,638336717468109674,"Network Gold Cube WholeClone260 was dropped in DropzonePlaceHolderClone3","Gold"
"nuP13","comp",2,"e","place",702.7908,638336717531251089,638336717538278997,"Network Blue CubeClone270 was dropped in DropzonePlaceHolderClone4","Blue"
"nuP13","comp",2,"e","place",1157.1242,638336717578085759,638336717589657001,"Network Blue CubeClone HB 3_0 was dropped in DropzonePlaceHolderClone5","Blue"
"nuP13","comp",2,"e","place",782.7928,638336717617512243,638336717625340171,"Network Neutral CubeClone281 was dropped in DropzonePlaceHolderClone4","White"
"nuP13","comp",2,"e","place",477.9689,638336717678891452,638336717683671141,"Network Gold Cube WholeClone272 was dropped in DropzonePlaceHolderClone2","Gold"
"nuP13","comp",2,"e","place",563.8301,638336717706228154,638336717711866455,"Network Neutral CubeClone294 was dropped in DropzonePlaceHolderClone1","White"
"nuP13","comp",2,"e","place",523.2305,638336717728870493,638336717734102798,"Network Gold Cube WholeClone295 was dropped in DropzonePlaceHolderClone4","Gold"
"nuP13","comp",2,"e","place",1085.0216,638336717797627857,638336717808478073,"Network Red CubeClone305 was dropped in DropzonePlaceHolderClone2","Red"
"nuP13","comp",2,"e","place",239.0012,638336717891473613,638336717893863625,"Network Red CubeClone315 was dropped in DropzonePlaceHolderClone4","Red"
"nuP13","comp",2,"e","place",1296.5434,638336717911707313,638336717924672747,"Network Neutral CubeClone322 was dropped in DropzonePlaceHolderClone3","White"
"nuP13","comp",2,"e","place",789.6262,638336718015297785,638336718023194047,"Network Blue CubeClone335 was dropped in DropzonePlaceHolderClone5","Blue"
"nuP13","comp",2,"e","place",526.292,638336718098192416,638336718103455336,"Network Blue CubeClone HB 4_4 was dropped in DropzonePlaceHolderClone3","Blue"
"nuP13","comp",2,"e","place",719.4168,638336718210562699,638336718217756867,"Network Neutral CubeClone363 was dropped in DropzonePlaceHolderClone5","White"
"nuP13","comp",2,"e","place",576.8402,638336718301948448,638336718307716850,"Network Blue CubeClone372 was dropped in DropzonePlaceHolderClone1","Blue"
"nuP13","comp",2,"e","place",687.254,638336718331485613,638336718338358153,"Network Red CubeClone376 was dropped in DropzonePlaceHolderClone1","Red"
"nuP13","comp",2,"e","place",602.012,638336718392935672,638336718398955792,"Network Blue CubeClone389 was dropped in DropzonePlaceHolderClone2","Blue"
"nuP13","comp",2,"e","place",520.9998,638336718431457925,638336718436667923,"Network Red CubeClone391 was dropped in DropzonePlaceHolderClone3","Red"
"nuP13","comp",2,"e","place",753.3785,638336718461427890,638336718468961675,"Network Blue CubeClone398 was dropped in DropzonePlaceHolderClone4","Blue"
"nuP13","comp",2,"e","place",746.6446,638336718528960853,638336718536427299,"Network Blue CubeClone405 was dropped in DropzonePlaceHolderClone5","Blue"
"nuP13","comp",2,"e","place",659.4231,638336718557047088,638336718563641319,"Network Red CubeClone410 was dropped in DropzonePlaceHolderClone5","Red"
"nuP13","solo",1,"e","grab",443.9995,638336679288120933,638336679292560928,"Regular Red CubeClone6 was picked up","Red"
"nuP13","solo",1,"e","grab",418.0106,638336679359402839,638336679363582945,"Regular Neutral CubeClone19 was picked up","White"
"nuP13","solo",1,"e","grab",250.9969,638336679395824888,638336679398334857,"Regular Gold CubeClone1 was picked up","Gold"
"nuP13","solo",1,"e","grab",250.9969,638336679395824888,638336679398334857,"Regular Gold CubeClone1 was picked up","Gold"
"nuP13","solo",1,"e","grab",419.0005,638336679453688567,638336679457878572,"Regular Neutral CubeClone33 was picked up","White"
"nuP13","solo",1,"e","grab",351.001,638336679549830758,638336679553340768,"Regular Red CubeClone47 was picked up","Red"
"nuP13","solo",1,"e","grab",151.5791,638336679660148071,638336679661663862,"Regular Neutral CubeClone60 was picked up","White"
"nuP13","solo",1,"e","grab",352.6427,638336679694670826,638336679698197253,"Regular Red CubeClone63 was picked up","Red"
"nuP13","solo",1,"e","grab",362.9983,638336679794869815,638336679798499798,"Regular Red CubeClone77 was picked up","Red"
"nuP13","solo",1,"e","grab",340.5884,638336679843953274,638336679847359158,"Regular Blue CubeClone85 was picked up","Blue"
"nuP13","solo",1,"e","grab",672.0005,638336679900929859,638336679907649864,"Regular Blue CubeClone95 was picked up","Blue"
"nuP13","solo",1,"e","grab",384.1029,638336679965116983,638336679968958012,"Regular Red CubeClone102 was picked up","Red"
"nuP13","solo",1,"e","grab",186.9442,638336679996924396,638336679998793838,"Regular Red CubeClone105 was picked up","Red"
"nuP13","solo",1,"e","grab",449.8606,638336680046595635,638336680051094241,"Regular Blue CubeClone113 was picked up","Blue"
"nuP13","solo",1,"e","grab",128.9613,638336680133655323,638336680134944936,"Regular Neutral CubeClone127 was picked up","White"
"nuP13","solo",1,"e","grab",210.9342,638336680167133964,638336680169243306,"Regular Blue CubeClone132 was picked up","Blue"
"nuP13","solo",1,"e","grab",486.8827,638336680244772132,638336680249640959,"Regular Blue CubeClone138 was picked up","Blue"
"nuP13","solo",1,"e","grab",73.5416,638336680299415685,638336680300151101,"Regular Red CubeClone147 was picked up","Red"
"nuP13","solo",1,"e","grab",656.5973,638336680332066984,638336680338632957,"Regular Blue CubeClone155 was picked up","Blue"
"nuP13","solo",1,"e","grab",276.9155,638336680347789561,638336680350558716,"Regular Blue CubeClone154 was picked up","Blue"
"nuP13","solo",1,"e","grab",507.8408,638336680403111930,638336680408190338,"Regular Red CubeClone162 was picked up","Red"
"nuP13","solo",1,"e","grab",179.2288,638336680449413587,638336680451205875,"Regular Neutral CubeClone171 was picked up","White"
"nuP13","solo",1,"e","grab",129.9609,638336680503917192,638336680505216801,"Regular Neutral CubeClone178 was picked up","White"
"nuP13","solo",1,"e","grab",893.7216,638336680539905911,638336680548843127,"Regular Neutral CubeClone185 was picked up","White"
"nuP13","solo",1,"e","grab",347.9018,638336680593425343,638336680596904361,"Regular Neutral CubeClone191 was picked up","White"
"nuP13","solo",1,"e","grab",418.89,638336680626490937,638336680630679837,"Regular Neutral CubeClone197 was picked up","White"
"nuP13","solo",1,"e","grab",361.7639,638336680673129330,638336680676746969,"Regular Blue CubeClone198 was picked up","Blue"
"nuP13","solo",1,"e","grab",273.9152,638336680719641300,638336680722380452,"Regular Red CubeClone207 was picked up","Red"
"nuP13","solo",1,"e","grab",517.5101,638336680756274693,638336680761449794,"Regular Blue CubeClone211 was picked up","Blue"
"nuP13","solo",1,"e","grab",375.7037,638336680791650131,638336680795407168,"Regular Red CubeClone217 was picked up","Red"
"nuP13","solo",1,"e","grab",282.9116,638336680832686390,638336680835515506,"Regular Blue CubeClone224 was picked up","Blue"
"nuP13","solo",1,"e","grab",360.8883,638336680872603852,638336680876212735,"Regular Blue CubeClone227 was picked up","Blue"
"nuP13","solo",1,"e","grab",185.9409,638336680964795031,638336680966654440,"Regular Blue CubeClone240 was picked up","Blue"
"nuP13","solo",1,"e","grab",495.8429,638336681004872133,638336681009830562,"Regular Blue CubeClone245 was picked up","Blue"
"nuP13","solo",1,"e","grab",360.516,638336681040191065,638336681043796225,"Regular Blue CubeClone254 was picked up","Blue"
"nuP13","solo",1,"e","grab",284.9115,638336681067882684,638336681070731799,"Regular Blue CubeClone253 was picked up","Blue"
"nuP13","solo",1,"e","grab",318.9008,638336681094794233,638336681097983241,"Regular Blue CubeClone257 was picked up","Blue"
"nuP13","solo",1,"e","grab",276.9138,638336681122185656,638336681124954794,"Regular Blue CubeClone261 was picked up","Blue"
"nuP13","solo",1,"e","grab",554.8288,638336681154745443,638336681160293731,"Regular Blue CubeClone269 was picked up","Blue"
"nuP13","solo",1,"e","grab",224.9306,638336681213266005,638336681215515311,"Regular Neutral CubeClone279 was picked up","White"
"nuP13","solo",1,"e","grab",58.983,638336681252144143,638336681252733973,"Regular Blue CubeClone281 was picked up","Blue"
"nuP13","solo",1,"e","grab",318.5863,638336681275054718,638336681278240581,"Regular Neutral CubeClone285 was picked up","White"
"nuP13","solo",1,"e","grab",262.9638,638336681310503108,638336681313132746,"Regular Blue CubeClone288 was picked up","Blue"
"nuP13","solo",1,"e","grab",274.2138,638336681357816903,638336681360559041,"Regular Neutral CubeClone299 was picked up","White"
"nuP13","solo",1,"e","grab",282.9132,638336681405355888,638336681408185020,"Regular Gold CubeClone29 was picked up","Gold"
"nuP13","solo",1,"e","grab",872.7265,638336681399457755,638336681408185020,"Regular Gold CubeClone29 was picked up","Gold"
"nuP13","solo",1,"e","grab",153.0152,638336681441061078,638336681442591230,"Regular Neutral CubeClone309 was picked up","White"
"nuP13","solo",1,"e","grab",678.7876,638336681466128305,638336681472916181,"Regular Gold CubeClone309 was picked up","Gold"
"nuP13","solo",1,"e","grab",678.7876,638336681466128305,638336681472916181,"Regular Gold CubeClone309 was picked up","Gold"
"nuP13","solo",1,"e","grab",272.9151,638336681510148763,638336681512877914,"Regular Neutral CubeClone319 was picked up","White"
"nuP13","solo",1,"e","grab",264.5305,638336681552875274,638336681555520579,"Regular Gold CubeClone318 was picked up","Gold"
"nuP13","solo",1,"e","grab",264.5305,638336681552875274,638336681555520579,"Regular Gold CubeClone318 was picked up","Gold"
"nuP13","solo",1,"e","grab",196.9378,638336681615173404,638336681617142782,"Regular Neutral CubeClone333 was picked up","White"
"nuP13","solo",1,"e","grab",184.9443,638336681655036894,638336681656886337,"Regular Gold CubeClone330 was picked up","Gold"
"nuP13","solo",1,"e","grab",184.9443,638336681655036894,638336681656886337,"Regular Gold CubeClone330 was picked up","Gold"
"nuP13","solo",1,"e","grab",428.4106,638336681697569059,638336681701853165,"Regular Red CubeClone342 was picked up","Red"
"nuP13","solo",1,"e","grab",607.3174,638336681778048962,638336681784122136,"Regular Red CubeClone355 was picked up","Red"
"nuP13","solo",1,"e","grab",295.9062,638336681806778956,638336681809738018,"Regular Gold CubeClone355 was picked up","Gold"
"nuP13","solo",1,"e","grab",1041.6741,638336681799321277,638336681809738018,"Regular Gold CubeClone355 was picked up","Gold"
"nuP13","solo",1,"e","grab",560.8242,638336681842019598,638336681847627840,"Regular Red CubeClone364 was picked up","Red"
"nuP13","solo",1,"e","grab",482.8858,638336681883319514,638336681888148372,"Regular Red CubeClone371 was picked up","Red"
"nuP13","solo",1,"e","grab",442.9408,638336681903899614,638336681908329022,"Regular Red CubeClone375 was picked up","Red"
"nuP13","solo",1,"e","grab",339.8946,638336681942156144,638336681945555090,"Regular Red CubeClone377 was picked up","Red"
"nuP13","solo",1,"e","grab",317.9005,638336681970119217,638336681973298222,"Regular Red CubeClone383 was picked up","Red"
"nuP13","solo",1,"e","grab",330.2171,638336681993318369,638336681996620540,"Regular Red CubeClone384 was picked up","Red"
"nuP13","solo",1,"e","grab",228.4268,638336682048293116,638336682050577384,"Regular Neutral CubeClone393 was picked up","White"
"nuP13","solo",1,"e","grab",371.9151,638336682074060446,638336682077779597,"Regular Neutral CubeClone399 was picked up","White"
"nuP13","solo",1,"e","grab",148.7411,638336682163443304,638336682164930715,"Regular Blue CubeClone406 was picked up","Blue"
"nuP13","solo",1,"e","grab",286.9111,638336682197286146,638336682200155257,"Regular Neutral CubeClone415 was picked up","White"
"nuP13","solo",1,"e","place",1289.0001,638336679308930929,638336679321820930,"Regular Red CubeClone6was dropped in DropzonePlaceHolderClone3","Red"
"nuP13","solo",1,"e","place",1006.0008,638336679373272946,638336679383332954,"Regular Neutral CubeClone19was dropped in DropzonePlaceHolderClone3","White"
"nuP13","solo",1,"e","place",953.6567,638336679406898957,638336679416435524,"Regular Gold CubeClone1was dropped in DropzonePlaceHolderClone3","Gold"
"nuP13","solo",1,"e","place",1141.2727,638336679468004330,638336679479417057,"Regular Neutral CubeClone33was dropped in DropzonePlaceHolderClone3","White"
"nuP13","solo",1,"e","place",853.0533,638336679564063371,638336679572593904,"Regular Red CubeClone47was dropped in DropzonePlaceHolderClone3","Red"
"nuP13","solo",1,"e","place",917.6491,638336679667352172,638336679676528663,"Regular Neutral CubeClone60was dropped in DropzonePlaceHolderClone3","White"
"nuP13","solo",1,"e","place",805.5077,638336679704576289,638336679712631366,"Regular Red CubeClone63was dropped in DropzonePlaceHolderClone3","Red"
"nuP13","solo",1,"e","place",951.7233,638336679813949795,638336679823467028,"Regular Red CubeClone77was dropped in DropzonePlaceHolderClone3","Red"
"nuP13","solo",1,"e","place",939.0014,638336679854729155,638336679864119169,"Regular Blue CubeClone85was dropped in DropzonePlaceHolderClone2","Blue"
"nuP13","solo",1,"e","place",457.0002,638336679916729859,638336679921299861,"Regular Blue CubeClone95was dropped in DropzonePlaceHolderClone4","Blue"
"nuP13","solo",1,"e","place",1141.6451,638336679973956434,638336679985372885,"Regular Red CubeClone102was dropped in DropzonePlaceHolderClone1","Red"
"nuP13","solo",1,"e","place",895.7194,638336680014245788,638336680023202982,"Regular Red CubeClone105was dropped in DropzonePlaceHolderClone5","Red"
"nuP13","solo",1,"e","place",761.7633,638336680145200838,638336680152818471,"Regular Neutral CubeClone127was dropped in DropzonePlaceHolderClone2","White"
"nuP13","solo",1,"e","place",1115.6508,638336680257448516,638336680268605024,"Regular Blue CubeClone138was dropped in DropzonePlaceHolderClone5","Blue"
"nuP13","solo",1,"e","place",1296.998,638336680309725478,638336680322695458,"Regular Red CubeClone147was dropped in DropzonePlaceHolderClone5","Red"
"nuP13","solo",1,"e","place",1295.5946,638336680373901087,638336680386857033,"Regular Blue CubeClone154was dropped in DropzonePlaceHolderClone5","Blue"
"nuP13","solo",1,"e","place",1299.5935,638336680415528031,638336680428523966,"Regular Red CubeClone162was dropped in DropzonePlaceHolderClone5","Red"
"nuP13","solo",1,"e","place",550.5861,638336680463054834,638336680468560695,"Regular Neutral CubeClone171was dropped in DropzonePlaceHolderClone4","White"
"nuP13","solo",1,"e","place",778.7568,638336680512254590,638336680520042158,"Regular Neutral CubeClone178was dropped in DropzonePlaceHolderClone2","White"
"nuP13","solo",1,"e","place",547.8043,638336680561002983,638336680566481026,"Regular Neutral CubeClone185was dropped in DropzonePlaceHolderClone4","White"
"nuP13","solo",1,"e","place",260.8286,638336680613157385,638336680615765671,"Regular Neutral CubeClone191was dropped in DropzonePlaceHolderClone2","White"
"nuP13","solo",1,"e","place",1148.5707,638336680635368592,638336680646854299,"Regular Neutral CubeClone197was dropped in DropzonePlaceHolderClone4","White"
"nuP13","solo",1,"e","place",718.2594,638336680683639647,638336680690822241,"Regular Blue CubeClone198was dropped in DropzonePlaceHolderClone1","Blue"
"nuP13","solo",1,"e","place",763.3168,638336680728068657,638336680735701825,"Regular Red CubeClone207was dropped in DropzonePlaceHolderClone1","Red"
"nuP13","solo",1,"e","place",659.7769,638336680768808837,638336680775406606,"Regular Blue CubeClone211was dropped in DropzonePlaceHolderClone1","Blue"
"nuP13","solo",1,"e","place",1083.6904,638336680801457372,638336680812294276,"Regular Red CubeClone217was dropped in DropzonePlaceHolderClone1","Red"
"nuP13","solo",1,"e","place",1099.6557,638336680840863822,638336680851860379,"Regular Blue CubeClone224was dropped in DropzonePlaceHolderClone2","Blue"
"nuP13","solo",1,"e","place",931.7074,638336680883920334,638336680893237408,"Regular Blue CubeClone227was dropped in DropzonePlaceHolderClone4","Blue"
"nuP13","solo",1,"e","place",1292.596,638336681015958637,638336681028884597,"Regular Blue CubeClone245was dropped in DropzonePlaceHolderClone5","Blue"
"nuP13","solo",1,"e","place",773.2662,638336681047679818,638336681055412480,"Regular Blue CubeClone254was dropped in DropzonePlaceHolderClone5","Blue"
"nuP13","solo",1,"e","place",914.7128,638336681104671156,638336681113818284,"Regular Blue CubeClone257was dropped in DropzonePlaceHolderClone5","Blue"
"nuP13","solo",1,"e","place",740.7693,638336681131202822,638336681138610515,"Regular Blue CubeClone261was dropped in DropzonePlaceHolderClone5","Blue"
"nuP13","solo",1,"e","place",943.0478,638336681165244625,638336681174675103,"Regular Blue CubeClone269was dropped in DropzonePlaceHolderClone5","Blue"
"nuP13","solo",1,"e","place",786.0861,638336681224047794,638336681231908655,"Regular Neutral CubeClone279was dropped in DropzonePlaceHolderClone4","White"
"nuP13","solo",1,"e","place",752.2478,638336681257742381,638336681265264859,"Regular Blue CubeClone281was dropped in DropzonePlaceHolderClone4","Blue"
"nuP13","solo",1,"e","place",704.9039,638336681285408959,638336681292457998,"Regular Neutral CubeClone285was dropped in DropzonePlaceHolderClone4","White"
"nuP13","solo",1,"e","place",813.5223,638336681319285768,638336681327420991,"Regular Blue CubeClone288was dropped in DropzonePlaceHolderClone4","Blue"
"nuP13","solo",1,"e","place",857.2222,638336681366372200,638336681374944422,"Regular Neutral CubeClone299was dropped in DropzonePlaceHolderClone4","White"
"nuP13","solo",1,"e","place",759.9072,638336681414300729,638336681421899801,"Regular Gold CubeClone29was dropped in DropzonePlaceHolderClone3","Gold"
"nuP13","solo",1,"e","place",771.7586,638336681521885080,638336681529602666,"Regular Neutral CubeClone319was dropped in DropzonePlaceHolderClone3","White"
"nuP13","solo",1,"e","place",764.7616,638336681562605210,638336681570252826,"Regular Gold CubeClone318was dropped in DropzonePlaceHolderClone3","Gold"
"nuP13","solo",1,"e","place",915.7142,638336681623620748,638336681632777890,"Regular Neutral CubeClone333was dropped in DropzonePlaceHolderClone3","White"
"nuP13","solo",1,"e","place",696.4365,638336681663442028,638336681670406393,"Regular Gold CubeClone330was dropped in DropzonePlaceHolderClone3","Gold"
"nuP13","solo",1,"e","place",819.2696,638336681707300439,638336681715493135,"Regular Red CubeClone342was dropped in DropzonePlaceHolderClone2","Red"
"nuP13","solo",1,"e","place",754.7635,638336681743814815,638336681751362450,"Regular Gold CubeClone344was dropped in DropzonePlaceHolderClone2","Gold"
"nuP13","solo",1,"e","place",745.568,638336681790386063,638336681797841743,"Regular Red CubeClone355was dropped in DropzonePlaceHolderClone2","Red"
"nuP13","solo",1,"e","place",842.7363,638336681818935135,638336681827362498,"Regular Gold CubeClone355was dropped in DropzonePlaceHolderClone2","Gold"
"nuP13","solo",1,"e","place",781.1864,638336681854999674,638336681862811538,"Regular Red CubeClone364was dropped in DropzonePlaceHolderClone2","Red"
"nuP13","solo",1,"e","place",590.8138,638336681893960762,638336681899868900,"Regular Red CubeClone371was dropped in DropzonePlaceHolderClone1","Red"
"nuP13","solo",1,"e","place",455.4036,638336681912802549,638336681917356585,"Regular Red CubeClone375was dropped in DropzonePlaceHolderClone1","Red"
"nuP13","solo",1,"e","place",773.9413,638336681955821860,638336681963561273,"Regular Red CubeClone377was dropped in DropzonePlaceHolderClone1","Red"
"nuP13","solo",1,"e","place",620.4499,638336681977186996,638336681983391495,"Regular Red CubeClone383was dropped in DropzonePlaceHolderClone1","Red"
"nuP13","solo",1,"e","place",570.8234,638336682000980153,638336682006688387,"Regular Red CubeClone384was dropped in DropzonePlaceHolderClone1","Red"
"nuP13","solo",1,"e","place",352.8886,638336682059813193,638336682063342079,"Regular Neutral CubeClone393was dropped in DropzonePlaceHolderClone1","White"
"nuP13","solo",1,"e","place",532.8488,638336682085286655,638336682090615143,"Regular Neutral CubeClone399was dropped in DropzonePlaceHolderClone1","White"
"nuP13","solo",1,"e","place",619.8057,638336682206583234,638336682212781291,"Regular Neutral CubeClone415was dropped in DropzonePlaceHolderClone1","White"
"nuP13","solo",2,"e","grab",392.9994,638336682966393728,638336682970323722,"Regular Gold CubeClone1 was picked up","Gold"
"nuP13","solo",2,"e","grab",392.9994,638336682966393728,638336682970323722,"Regular Gold CubeClone1 was picked up","Gold"
"nuP13","solo",2,"e","grab",427.7538,638336683003174945,638336683007452483,"Regular Gold CubeClone8 was picked up","Gold"
"nuP13","solo",2,"e","grab",427.7538,638336683003174945,638336683007452483,"Regular Gold CubeClone8 was picked up","Gold"
"nuP13","solo",2,"e","grab",338.0003,638336683042844518,638336683046224521,"Regular Gold CubeClone13 was picked up","Gold"
"nuP13","solo",2,"e","grab",338.0003,638336683042844518,638336683046224521,"Regular Gold CubeClone13 was picked up","Gold"
"nuP13","solo",2,"e","grab",267.0004,638336683091340291,638336683094010295,"Regular Red CubeClone16 was picked up","Red"
"nuP13","solo",2,"e","grab",1056.9995,638336683149633139,638336683160203134,"Regular Red CubeClone27 was picked up","Red"
"nuP13","solo",2,"e","grab",324.0005,638336683215111025,638336683218351030,"Regular Red CubeClone38 was picked up","Red"
"nuP13","solo",2,"e","grab",162.002,638336683280965126,638336683282585146,"Regular Red CubeClone46 was picked up","Red"
"nuP13","solo",2,"e","grab",310.0007,638336683311145084,638336683314245091,"Regular Red CubeClone50 was picked up","Red"
"nuP13","solo",2,"e","grab",421.5892,638336683370893714,638336683375109606,"Regular Gold CubeClone19 was picked up","Gold"
"nuP13","solo",2,"e","grab",555.5913,638336683369553693,638336683375109606,"Regular Gold CubeClone19 was picked up","Gold"
"nuP13","solo",2,"e","grab",179.3383,638336683420013318,638336683421806701,"Regular Blue CubeClone63 was picked up","Blue"
"nuP13","solo",2,"e","grab",356.0007,638336683458491978,638336683462051985,"Regular Gold CubeClone64 was picked up","Gold"
"nuP13","solo",2,"e","grab",356.0007,638336683458491978,638336683462051985,"Regular Gold CubeClone64 was picked up","Gold"
"nuP13","solo",2,"e","grab",347.0321,638336683510392472,638336683513862793,"Regular Red CubeClone77 was picked up","Red"
"nuP13","solo",2,"e","grab",198.0208,638336683553325872,638336683555306080,"Regular Gold CubeClone77 was picked up","Gold"
"nuP13","solo",2,"e","grab",198.0208,638336683553325872,638336683555306080,"Regular Gold CubeClone77 was picked up","Gold"
"nuP13","solo",2,"e","grab",346.3019,638336683615509842,638336683618972861,"Regular Blue CubeClone94 was picked up","Blue"
"nuP13","solo",2,"e","grab",108.9287,638336683642758952,638336683643848239,"Regular Blue CubeClone97 was picked up","Blue"
"nuP13","solo",2,"e","grab",352.069,638336683675133556,638336683678654246,"Regular Blue CubeClone100 was picked up","Blue"
"nuP13","solo",2,"e","grab",222.2856,638336683732469077,638336683734691933,"Regular Blue CubeClone108 was picked up","Blue"
"nuP13","solo",2,"e","grab",217.0006,638336683766540002,638336683768710008,"Regular Blue CubeClone113 was picked up","Blue"
"nuP13","solo",2,"e","grab",488.0394,638336683799419753,638336683804300147,"Regular Blue CubeClone116 was picked up","Blue"
"nuP13","solo",2,"e","grab",312.0005,638336683844800597,638336683847920602,"Regular Gold CubeClone89 was picked up","Gold"
"nuP13","solo",2,"e","grab",412.9989,638336683843790613,638336683847920602,"Regular Gold CubeClone89 was picked up","Gold"
"nuP13","solo",2,"e","grab",243.8182,638336683882002672,638336683884440854,"Regular Gold CubeClone130 was picked up","Gold"
"nuP13","solo",2,"e","grab",243.8182,638336683882002672,638336683884440854,"Regular Gold CubeClone130 was picked up","Gold"
"nuP13","solo",2,"e","grab",336.8216,638336683929301521,638336683932669737,"Regular Red CubeClone137 was picked up","Red"
"nuP13","solo",2,"e","grab",519.0003,638336683972062980,638336683977252983,"Regular Gold CubeClone135 was picked up","Gold"
"nuP13","solo",2,"e","grab",786.0006,638336683969392977,638336683977252983,"Regular Gold CubeClone135 was picked up","Gold"
"nuP13","solo",2,"e","grab",475.9998,638336684036984241,638336684041744239,"Regular Blue CubeClone153 was picked up","Blue"
"nuP13","solo",2,"e","grab",402.927,638336684056160495,638336684060189765,"Regular Blue CubeClone155 was picked up","Blue"
"nuP13","solo",2,"e","grab",291.0001,638336684145775286,638336684148685287,"Regular Red CubeClone166 was picked up","Red"
"nuP13","solo",2,"e","grab",243.9989,638336684212749325,638336684215189314,"Regular Gold CubeClone148 was picked up","Gold"
"nuP13","solo",2,"e","grab",243.9989,638336684212749325,638336684215189314,"Regular Gold CubeClone148 was picked up","Gold"
"nuP13","solo",2,"e","grab",414.7822,638336684242775163,638336684246922985,"Regular Red CubeClone180 was picked up","Red"
"nuP13","solo",2,"e","grab",240.0002,638336684269618157,638336684272018159,"Regular Red CubeClone182 was picked up","Red"
"nuP13","solo",2,"e","grab",30.9997,638336684304023298,638336684304333295,"Regular Gold CubeClone181 was picked up","Gold"
"nuP13","solo",2,"e","grab",557.9984,638336684298753311,638336684304333295,"Regular Gold CubeClone181 was picked up","Gold"
"nuP13","solo",2,"e","grab",326.9997,638336684325403265,638336684328673262,"Regular Red CubeClone192 was picked up","Red"
"nuP13","solo",2,"e","grab",199.0068,638336684371859046,638336684373849114,"Regular Gold CubeClone194 was picked up","Gold"
"nuP13","solo",2,"e","grab",199.0068,638336684371859046,638336684373849114,"Regular Gold CubeClone194 was picked up","Gold"
"nuP13","solo",2,"e","grab",484.9999,638336684447729139,638336684452579138,"Regular Neutral CubeClone210 was picked up","White"
"nuP13","solo",2,"e","grab",378.143,638336684475817946,638336684479599376,"Regular Neutral CubeClone213 was picked up","White"
"nuP13","solo",2,"e","grab",198.9999,638336684501997279,638336684503987278,"Regular Neutral CubeClone217 was picked up","White"
"nuP13","solo",2,"e","grab",362.9999,638336684541568056,638336684545198055,"Regular Neutral CubeClone222 was picked up","White"
"nuP13","solo",2,"e","grab",100.0001,638336684586327980,638336684587327981,"Regular Neutral CubeClone228 was picked up","White"
"nuP13","solo",2,"e","grab",184.0003,638336684635203429,638336684637043432,"Regular Neutral CubeClone235 was picked up","White"
"nuP13","solo",2,"e","grab",382.9998,638336684671315515,638336684675145513,"Regular Blue CubeClone240 was picked up","Blue"
"nuP13","solo",2,"e","grab",67.967,638336684698817219,638336684699496889,"Regular Neutral CubeClone243 was picked up","White"
"nuP13","solo",2,"e","grab",278.6769,638336684734138547,638336684736925316,"Regular Blue CubeClone245 was picked up","Blue"
"nuP13","solo",2,"e","grab",425.0601,638336684793433359,638336684797683960,"Regular Neutral CubeClone258 was picked up","White"
"nuP13","solo",2,"e","grab",306.103,638336684837193904,638336684840254934,"Regular Red CubeClone262 was picked up","Red"
"nuP13","solo",2,"e","grab",288.5434,638336684960405744,638336684963291178,"Regular Neutral CubeClone281 was picked up","White"
"nuP13","solo",2,"e","grab",431.999,638336685024957781,638336685029277771,"Regular Neutral CubeClone290 was picked up","White"
"nuP13","solo",2,"e","grab",551.0008,638336685067166210,638336685072676218,"Regular Red CubeClone294 was picked up","Red"
"nuP13","solo",2,"e","grab",192.5216,638336685098363182,638336685100288398,"Regular Red CubeClone297 was picked up","Red"
"nuP13","solo",2,"e","grab",861.0004,638336685154842413,638336685163452417,"Regular Red CubeClone306 was picked up","Red"
"nuP13","solo",2,"e","grab",530.9994,638336685186153559,638336685191463553,"Regular Red CubeClone311 was picked up","Red"
"nuP13","solo",2,"e","grab",369.0718,638336685213531364,638336685217222082,"Regular Red CubeClone312 was picked up","Red"
"nuP13","solo",2,"e","grab",144.0004,638336685312453436,638336685313893440,"Regular Red CubeClone329 was picked up","Red"
"nuP13","solo",2,"e","grab",266.7082,638336685387639576,638336685390306658,"Regular Neutral CubeClone341 was picked up","White"
"nuP13","solo",2,"e","grab",236.0006,638336685419283931,638336685421643937,"Regular Neutral CubeClone343 was picked up","White"
"nuP13","solo",2,"e","grab",832.603,638336685485588976,638336685493915006,"Regular Neutral CubeClone354 was picked up","White"
"nuP13","solo",2,"e","grab",220.0003,638336685531304462,638336685533504465,"Regular Neutral CubeClone360 was picked up","White"
"nuP13","solo",2,"e","grab",604.8498,638336685575437059,638336685581485557,"Regular Neutral CubeClone367 was picked up","White"
"nuP13","solo",2,"e","grab",335.4038,638336685660333341,638336685663687379,"Regular Blue CubeClone376 was picked up","Blue"
"nuP13","solo",2,"e","grab",277.5186,638336685694369401,638336685697144587,"Regular Blue CubeClone380 was picked up","Blue"
"nuP13","solo",2,"e","grab",211.5189,638336685722730200,638336685724845389,"Regular Gold CubeClone203 was picked up","Gold"
"nuP13","solo",2,"e","grab",211.5189,638336685722730200,638336685724845389,"Regular Gold CubeClone203 was picked up","Gold"
"nuP13","solo",2,"e","grab",323.9994,638336685774080239,638336685777320233,"Regular Neutral CubeClone394 was picked up","White"
"nuP13","solo",2,"e","grab",425.0009,638336685807792506,638336685812042515,"Regular Red CubeClone397 was picked up","Red"
"nuP13","solo",2,"e","grab",202.0018,638336685876402160,638336685878422178,"Regular Red CubeClone405 was picked up","Red"
"nuP13","solo",2,"e","grab",168.0006,638336685903702116,638336685905382122,"Regular Neutral CubeClone412 was picked up","White"
"nuP13","solo",2,"e","place",1283.6827,638336683052254503,638336683065091330,"Regular Gold CubeClone13was dropped in DropzonePlaceHolderClone5","Gold"
"nuP13","solo",2,"e","place",1294.8139,638336683120623846,638336683133571985,"Regular Red CubeClone16was dropped in DropzonePlaceHolderClone5","Red"
"nuP13","solo",2,"e","place",1298.6458,638336683171621207,638336683184607665,"Regular Red CubeClone27was dropped in DropzonePlaceHolderClone5","Red"
"nuP13","solo",2,"e","place",1294.9972,638336683229461026,638336683242410998,"Regular Red CubeClone38was dropped in DropzonePlaceHolderClone5","Red"
"nuP13","solo",2,"e","place",924.844,638336683318613998,638336683327862438,"Regular Red CubeClone50was dropped in DropzonePlaceHolderClone5","Red"
"nuP13","solo",2,"e","place",1097.6619,638336683380214495,638336683391191114,"Regular Gold CubeClone19was dropped in DropzonePlaceHolderClone5","Gold"
"nuP13","solo",2,"e","place",836.3893,638336683427978122,638336683436342015,"Regular Blue CubeClone63was dropped in DropzonePlaceHolderClone4","Blue"
"nuP13","solo",2,"e","place",868.5707,638336683472401955,638336683481087662,"Regular Gold CubeClone64was dropped in DropzonePlaceHolderClone4","Gold"
"nuP13","solo",2,"e","place",965.6493,638336683519421298,638336683529077791,"Regular Red CubeClone77was dropped in DropzonePlaceHolderClone4","Red"
"nuP13","solo",2,"e","place",740.5833,638336683561532909,638336683568938742,"Regular Gold CubeClone77was dropped in DropzonePlaceHolderClone4","Gold"
"nuP13","solo",2,"e","place",858.5132,638336683685256326,638336683693841458,"Regular Blue CubeClone100was dropped in DropzonePlaceHolderClone4","Blue"
"nuP13","solo",2,"e","place",852.1641,638336683742460709,638336683750982350,"Regular Blue CubeClone108was dropped in DropzonePlaceHolderClone3","Blue"
"nuP13","solo",2,"e","place",959.5483,638336683773054719,638336683782650202,"Regular Blue CubeClone113was dropped in DropzonePlaceHolderClone2","Blue"
"nuP13","solo",2,"e","place",828.3336,638336683810727310,638336683819010646,"Regular Blue CubeClone116was dropped in DropzonePlaceHolderClone3","Blue"
"nuP13","solo",2,"e","place",733.2655,638336683863718376,638336683871051031,"Regular Gold CubeClone89was dropped in DropzonePlaceHolderClone2","Gold"
"nuP13","solo",2,"e","place",758.9278,638336683895900234,638336683903489512,"Regular Gold CubeClone130was dropped in DropzonePlaceHolderClone3","Gold"
"nuP13","solo",2,"e","place",486.9951,638336683944640357,638336683949510308,"Regular Red CubeClone137was dropped in DropzonePlaceHolderClone2","Red"
"nuP13","solo",2,"e","place",978.5066,638336683982192972,638336683991978038,"Regular Gold CubeClone135was dropped in DropzonePlaceHolderClone2","Gold"
"nuP13","solo",2,"e","place",938.9988,638336684023023415,638336684032413403,"Regular Blue CubeClone148was dropped in DropzonePlaceHolderClone3","Blue"
"nuP13","solo",2,"e","place",559.0011,638336684047350494,638336684052940505,"Regular Blue CubeClone153was dropped in DropzonePlaceHolderClone2","Blue"
"nuP13","solo",2,"e","place",749.0019,638336684063379771,638336684070869790,"Regular Blue CubeClone155was dropped in DropzonePlaceHolderClone3","Blue"
"nuP13","solo",2,"e","place",920.5877,638336684158995261,638336684168201138,"Regular Red CubeClone166was dropped in DropzonePlaceHolderClone1","Red"
"nuP13","solo",2,"e","place",705.9883,638336684219589308,638336684226649191,"Regular Gold CubeClone148was dropped in DropzonePlaceHolderClone1","Gold"
"nuP13","solo",2,"e","place",809.9978,638336684252118190,638336684260218168,"Regular Red CubeClone180was dropped in DropzonePlaceHolderClone1","Red"
"nuP13","solo",2,"e","place",965.5185,638336684276398158,638336684286053343,"Regular Red CubeClone182was dropped in DropzonePlaceHolderClone1","Red"
"nuP13","solo",2,"e","place",378.0006,638336684338023244,638336684341803250,"Regular Red CubeClone192was dropped in DropzonePlaceHolderClone1","Red"
"nuP13","solo",2,"e","place",735.5194,638336684380693644,638336684388048838,"Regular Gold CubeClone194was dropped in DropzonePlaceHolderClone1","Gold"
"nuP13","solo",2,"e","place",560.9751,638336684459629382,638336684465239133,"Regular Neutral CubeClone210was dropped in DropzonePlaceHolderClone1","White"
"nuP13","solo",2,"e","place",671.8679,638336684487395668,638336684494114347,"Regular Neutral CubeClone213was dropped in DropzonePlaceHolderClone2","White"
"nuP13","solo",2,"e","place",913.9999,638336684508647268,638336684517787267,"Regular Neutral CubeClone217was dropped in DropzonePlaceHolderClone3","White"
"nuP13","solo",2,"e","place",928.9992,638336684550958037,638336684560248029,"Regular Neutral CubeClone222was dropped in DropzonePlaceHolderClone4","White"
"nuP13","solo",2,"e","place",1223.059,638336684592217226,638336684604447816,"Regular Neutral CubeClone228was dropped in DropzonePlaceHolderClone5","White"
"nuP13","solo",2,"e","place",567.9991,638336684644083415,638336684649763406,"Regular Neutral CubeClone235was dropped in DropzonePlaceHolderClone1","White"
"nuP13","solo",2,"e","place",831.9719,638336684681465502,638336684689785221,"Regular Blue CubeClone240was dropped in DropzonePlaceHolderClone2","Blue"
"nuP13","solo",2,"e","place",590.3607,638336684708046862,638336684713950469,"Regular Neutral CubeClone243was dropped in DropzonePlaceHolderClone3","White"
"nuP13","solo",2,"e","place",584.9696,638336684746726598,638336684752576294,"Regular Blue CubeClone245was dropped in DropzonePlaceHolderClone4","Blue"
"nuP13","solo",2,"e","place",931.9969,638336684805313957,638336684814633926,"Regular Neutral CubeClone258was dropped in DropzonePlaceHolderClone5","White"
"nuP13","solo",2,"e","place",435.134,638336684849796916,638336684854148256,"Regular Red CubeClone262was dropped in DropzonePlaceHolderClone1","Red"
"nuP13","solo",2,"e","place",758.9993,638336684938124662,638336684945714655,"Regular Neutral CubeClone275was dropped in DropzonePlaceHolderClone2","White"
"nuP13","solo",2,"e","place",465.848,638336684975252141,638336684979910621,"Regular Neutral CubeClone281was dropped in DropzonePlaceHolderClone3","White"
"nuP13","solo",2,"e","place",431,638336685039366253,638336685043676253,"Regular Neutral CubeClone290was dropped in DropzonePlaceHolderClone4","White"
"nuP13","solo",2,"e","place",716.3191,638336685106683508,638336685113846699,"Regular Red CubeClone297was dropped in DropzonePlaceHolderClone5","Red"
"nuP13","solo",2,"e","place",909.2792,638336685173892393,638336685182985185,"Regular Red CubeClone306was dropped in DropzonePlaceHolderClone1","Red"
"nuP13","solo",2,"e","place",625.9996,638336685195233550,638336685201493546,"Regular Red CubeClone311was dropped in DropzonePlaceHolderClone2","Red"
"nuP13","solo",2,"e","place",641.6191,638336685223803142,638336685230219333,"Regular Red CubeClone312was dropped in DropzonePlaceHolderClone3","Red"
"nuP13","solo",2,"e","place",863.7487,638336685321189008,638336685329826495,"Regular Red CubeClone329was dropped in DropzonePlaceHolderClone4","Red"
"nuP13","solo",2,"e","place",825.7893,638336685352956526,638336685361214419,"Regular Red CubeClone331was dropped in DropzonePlaceHolderClone5","Red"
"nuP13","solo",2,"e","place",878.0004,638336685399173957,638336685407953961,"Regular Neutral CubeClone341was dropped in DropzonePlaceHolderClone1","White"
"nuP13","solo",2,"e","place",752.9979,638336685428323927,638336685435853906,"Regular Neutral CubeClone343was dropped in DropzonePlaceHolderClone2","White"
"nuP13","solo",2,"e","place",543.1687,638336685504334663,638336685509766350,"Regular Neutral CubeClone354was dropped in DropzonePlaceHolderClone3","White"
"nuP13","solo",2,"e","place",1091.9983,638336685539314451,638336685550234434,"Regular Neutral CubeClone360was dropped in DropzonePlaceHolderClone4","White"
"nuP13","solo",2,"e","place",951.4221,638336685591081212,638336685600595433,"Regular Neutral CubeClone367was dropped in DropzonePlaceHolderClone5","White"
"nuP13","solo",2,"e","place",650.3273,638336685704295873,638336685710799146,"Regular Blue CubeClone380was dropped in DropzonePlaceHolderClone5","Blue"
"nuP13","solo",2,"e","place",792.9991,638336685731275376,638336685739205367,"Regular Gold CubeClone203was dropped in DropzonePlaceHolderClone4","Gold"
"nuP13","solo",2,"e","place",909.6913,638336685781215393,638336685790312306,"Regular Neutral CubeClone394was dropped in DropzonePlaceHolderClone3","White"
"nuP13","solo",2,"e","place",682.3624,638336685817912814,638336685824736438,"Regular Red CubeClone397was dropped in DropzonePlaceHolderClone2","Red"
"nuP13","solo",2,"e","place",855.9995,638336685844622203,638336685853182198,"Regular Blue CubeClone403was dropped in DropzonePlaceHolderClone1","Blue"
"nuP13","solo",2,"e","place",642.9996,638336685882252148,638336685888682144,"Regular Red CubeClone405was dropped in DropzonePlaceHolderClone1","Red"
"nuP13","solo",2,"e","place",647.9982,638336685912962122,638336685919442104,"Regular Neutral CubeClone412was dropped in DropzonePlaceHolderClone2","White"
"nuP13","co",1,"e","grab",417.018,638336689422599387,638336689426769567,"Network Red CubeClone3 was picked up","Red"
"nuP13","co",1,"e","grab",399.5532,638336689502227862,638336689506223394,"Player 1 hits Network Gold CubeClone1","Gold"
"nuP13","co",1,"e","grab",399.5532,638336689502227862,638336689506223394,"Player 1 hits Network Gold CubeClone1","Gold"
"nuP13","co",1,"e","grab",296.7998,638336689570451568,638336689573419566,"Network Red CubeClone21 was picked up","Red"
"nuP13","co",1,"e","grab",139.8702,638336689632515851,638336689633914553,"Player 1 hits Network Gold CubeClone21","Gold"
"nuP13","co",1,"e","grab",139.8702,638336689632515851,638336689633914553,"Player 1 hits Network Gold CubeClone21","Gold"
"nuP13","co",1,"e","grab",188.001,638336689688280508,638336689690160518,"Player 1 hits Network Gold CubeClone38","Gold"
"nuP13","co",1,"e","grab",600.9998,638336689684150520,638336689690160518,"Player 1 hits Network Gold CubeClone38","Gold"
"nuP13","co",1,"e","grab",226.5634,638336689715763274,638336689718028908,"Player 1 hits Network Gold CubeClone47","Gold"
"nuP13","co",1,"e","grab",884.2929,638336689709185979,638336689718028908,"Player 1 hits Network Gold CubeClone47","Gold"
"nuP13","co",1,"e","grab",192.2305,638336689801680771,638336689803603076,"Player 1 hits Network Gold CubeClone51","Gold"
"nuP13","co",1,"e","grab",192.2305,638336689801680771,638336689803603076,"Player 1 hits Network Gold CubeClone51","Gold"
"nuP13","co",1,"e","grab",318.8659,638336689872986081,638336689876174740,"Network Red CubeClone65 was picked up","Red"
"nuP13","co",1,"e","grab",191.9997,638336689958468882,638336689960388879,"Network Neutral CubeClone78 was picked up","White"
"nuP13","co",1,"e","grab",106.8111,638336690044210286,638336690045278397,"Player 1 hits Network Gold CubeClone63","Gold"
"nuP13","co",1,"e","grab",106.8111,638336690044210286,638336690045278397,"Player 1 hits Network Gold CubeClone63","Gold"
"nuP13","co",1,"e","grab",360.0019,638336690073319105,638336690076919124,"Player 1 hits Network Gold CubeClone97","Gold"
"nuP13","co",1,"e","grab",1938.0007,638336690057539117,638336690076919124,"Player 1 hits Network Gold CubeClone97","Gold"
"nuP13","co",1,"e","grab",1504.694,638336690136953901,638336690152000841,"Network Red CubeClone101 was picked up","Red"
"nuP13","co",1,"e","grab",285.6417,638336690224737790,638336690227594207,"Player 1 hits Network Gold CubeClone112","Gold"
"nuP13","co",1,"e","grab",285.6417,638336690224737790,638336690227594207,"Player 1 hits Network Gold CubeClone112","Gold"
"nuP13","co",1,"e","grab",548.7832,638336690345651143,638336690351138975,"Network Red CubeClone133 was picked up","Red"
"nuP13","co",1,"e","grab",357.0078,638336690397001755,638336690400571833,"Player 1 hits Network Gold CubeClone121","Gold"
"nuP13","co",1,"e","grab",357.0078,638336690397001755,638336690400571833,"Player 1 hits Network Gold CubeClone121","Gold"
"nuP13","co",1,"e","grab",143.0014,638336690456571976,638336690458001990,"Network Neutral CubeClone148 was picked up","White"
"nuP13","co",1,"e","grab",228.0072,638336690553805880,638336690556085952,"Network Neutral CubeClone162 was picked up","White"
"nuP13","co",1,"e","grab",241.2012,638336690617165132,638336690619577144,"Network Neutral CubeClone171 was picked up","White"
"nuP13","co",1,"e","grab",99.003,638336690675287580,638336690676277610,"Player 1 hits Network Gold CubeClone145","Gold"
"nuP13","co",1,"e","grab",99.003,638336690675287580,638336690676277610,"Player 1 hits Network Gold CubeClone145","Gold"
"nuP13","co",1,"e","grab",602.0175,638336690823031970,638336690829052145,"Player 1 hits Network Gold CubeClone184","Gold"
"nuP13","co",1,"e","grab",986.0251,638336690819191894,638336690829052145,"Player 1 hits Network Gold CubeClone184","Gold"
"nuP13","co",1,"e","grab",239.2777,638336690877220421,638336690879613198,"Network Red CubeClone207 was picked up","Red"
"nuP13","co",1,"e","grab",443.5868,638336691011625247,638336691016061115,"Network Red CubeClone225 was picked up","Red"
"nuP13","co",1,"e","grab",391.8459,638336691055332667,638336691059251126,"Network Neutral CubeClone233 was picked up","White"
"nuP13","co",1,"e","grab",185.0073,638336691101510497,638336691103360570,"Player 1 hits Network Gold CubeClone233","Gold"
"nuP13","co",1,"e","grab",185.0073,638336691101510497,638336691103360570,"Player 1 hits Network Gold CubeClone233","Gold"
"nuP13","co",1,"e","grab",249.1045,638336691148208836,638336691150699881,"Player 1 hits Network Gold CubeClone243","Gold"
"nuP13","co",1,"e","grab",249.1045,638336691148208836,638336691150699881,"Player 1 hits Network Gold CubeClone243","Gold"
"nuP13","co",1,"e","grab",129.0044,638336691232402114,638336691233692158,"Network Red CubeClone254 was picked up","Red"
"nuP13","co",1,"e","grab",133.0043,638336691296571935,638336691297901978,"Network Neutral CubeClone265 was picked up","White"
"nuP13","co",1,"e","grab",119.0031,638336691338429088,638336691339619119,"Player 1 hits Network Gold CubeClone250","Gold"
"nuP13","co",1,"e","grab",119.0031,638336691338429088,638336691339619119,"Player 1 hits Network Gold CubeClone250","Gold"
"nuP13","co",1,"e","grab",318.3766,638336691395169948,638336691398353714,"Network Red CubeClone277 was picked up","Red"
"nuP13","co",1,"e","grab",358.0094,638336691498836739,638336691502416833,"Network Neutral CubeClone294 was picked up","White"
"nuP13","co",1,"e","grab",242.0075,638336691639211824,638336691641631899,"Player 1 hits Network Gold CubeClone309","Gold"
"nuP13","co",1,"e","grab",242.0075,638336691639211824,638336691641631899,"Player 1 hits Network Gold CubeClone309","Gold"
"nuP13","co",1,"e","grab",140.0025,638336691701149306,638336691702549331,"Network Red CubeClone319 was picked up","Red"
"nuP13","co",1,"e","grab",8.9993,638336691783826633,638336691783916626,"Player 1 hits Network Gold CubeClone318","Gold"
"nuP13","co",1,"e","grab",8.9993,638336691783826633,638336691783916626,"Player 1 hits Network Gold CubeClone318","Gold"
"nuP13","co",1,"e","grab",363.166,638336691877304859,638336691880936519,"Network Red CubeClone343 was picked up","Red"
"nuP13","co",1,"e","grab",51.5577,638336691949594978,638336691950110555,"Player 1 hits Network Gold CubeClone338","Gold"
"nuP13","co",1,"e","grab",51.5577,638336691949594978,638336691950110555,"Player 1 hits Network Gold CubeClone338","Gold"
"nuP13","co",1,"e","grab",491.0133,638336692001458046,638336692006368179,"Network Red CubeClone362 was picked up","Red"
"nuP13","co",1,"e","grab",130.0023,638336692050619268,638336692051919291,"Network Neutral CubeClone371 was picked up","White"
"nuP13","co",1,"e","grab",255.0071,638336692126300411,638336692128850482,"Network Neutral CubeClone381 was picked up","White"
"nuP13","co",1,"e","grab",128.1334,638336692210414212,638336692211695546,"Player 1 hits Network Gold CubeClone361","Gold"
"nuP13","co",1,"e","grab",128.1334,638336692210414212,638336692211695546,"Player 1 hits Network Gold CubeClone361","Gold"
"nuP13","co",1,"e","grab",403.0106,638336692269344375,638336692273374481,"Network Red CubeClone399 was picked up","Red"
"nuP13","co",1,"e","grab",457.8753,638336692309565607,638336692314144360,"Network Neutral CubeClone407 was picked up","White"
"nuP13","co",1,"e","place",834.7186,638336689437522398,638336689445869584,"Network Red CubeClone3 was dropped in DropzonePlaceHolderClone2","Red"
"nuP13","co",1,"e","place",1164.9992,638336689578659552,638336689590309544,"Network Red CubeClone21 was dropped in DropzonePlaceHolderClone1","Red"
"nuP13","co",1,"e","place",1293.0022,638336689899527956,638336689912457978,"Network Red CubeClone65 was dropped in DropzonePlaceHolderClone5","Red"
"nuP13","co",1,"e","place",747.1745,638336689973228874,638336689980700619,"Network Neutral CubeClone78 was dropped in DropzonePlaceHolderClone4","White"
"nuP13","co",1,"e","place",724.2137,638336690010762998,638336690018005135,"Network Neutral CubeClone HB 3_3 was dropped in DropzonePlaceHolderClone3","White"
"nuP13","co",1,"e","place",1174.7345,638336690172410236,638336690184157581,"Network Red CubeClone101 was dropped in DropzonePlaceHolderClone4","Red"
"nuP13","co",1,"e","place",1175.6873,638336690359416725,638336690371173598,"Network Red CubeClone133 was dropped in DropzonePlaceHolderClone3","Red"
"nuP13","co",1,"e","place",998.0253,638336690466252183,638336690476232436,"Network Neutral CubeClone148 was dropped in DropzonePlaceHolderClone5","White"
"nuP13","co",1,"e","place",1223.0328,638336690638836457,638336690651066785,"Network Neutral CubeClone171 was dropped in DropzonePlaceHolderClone1","White"
"nuP13","co",1,"e","place",921.0228,638336690792771219,638336690801981447,"Network Neutral CubeClone187 was dropped in DropzonePlaceHolderClone4","White"
"nuP13","co",1,"e","place",466.0132,638336690890059567,638336690894719699,"Network Red CubeClone207 was dropped in DropzonePlaceHolderClone2","Red"
"nuP13","co",1,"e","place",888.8598,638336691020667680,638336691029556278,"Network Red CubeClone225 was dropped in DropzonePlaceHolderClone3","Red"
"nuP13","co",1,"e","place",898.0243,638336691071347256,638336691080327499,"Network Neutral CubeClone233 was dropped in DropzonePlaceHolderClone4","White"
"nuP13","co",1,"e","place",697.2782,638336691241270809,638336691248243591,"Network Red CubeClone254 was dropped in DropzonePlaceHolderClone2","Red"
"nuP13","co",1,"e","place",1149.1289,638336691415202389,638336691426693678,"Network Red CubeClone277 was dropped in DropzonePlaceHolderClone1","Red"
"nuP13","co",1,"e","place",742.9784,638336691510557015,638336691517986799,"Network Neutral CubeClone294 was dropped in DropzonePlaceHolderClone2","White"
"nuP13","co",1,"e","place",786.7888,638336691723143796,638336691731011684,"Network Red CubeClone319 was dropped in DropzonePlaceHolderClone5","Red"
"nuP13","co",1,"e","place",676.409,638336691844041490,638336691850805580,"Network Neutral CubeClone341 was dropped in DropzonePlaceHolderClone5","White"
"nuP13","co",1,"e","place",724.0274,638336691888945505,638336691896185779,"Network Red CubeClone343 was dropped in DropzonePlaceHolderClone4","Red"
"nuP13","co",1,"e","place",764.0196,638336692018558467,638336692026198663,"Network Red CubeClone362 was dropped in DropzonePlaceHolderClone3","Red"
"nuP13","co",1,"e","place",735.7622,638336692059279494,638336692066637116,"Network Neutral CubeClone371 was dropped in DropzonePlaceHolderClone4","White"
"nuP13","co",1,"e","place",870.0201,638336692148228207,638336692156928408,"Network Neutral CubeClone381 was dropped in DropzonePlaceHolderClone5","White"
"nuP13","co",1,"e","place",554.0125,638336692283374989,638336692288915114,"Network Red CubeClone399 was dropped in DropzonePlaceHolderClone3","Red"
"nuP13","co",1,"e","place",664.9645,638336692322664629,638336692329314274,"Network Neutral CubeClone407 was dropped in DropzonePlaceHolderClone1","White"
"nuP13","co",2,"e","grab",328.5373,638336701571691961,638336701574977334,"Network Red CubeClone3 was picked up","Red"
"nuP13","co",2,"e","grab",359.0057,638336701636818248,638336701640408305,"Network Red CubeClone14 was picked up","Red"
"nuP13","co",2,"e","grab",280.2179,638336701694750111,638336701697552290,"Player 1 hits Network Gold CubeClone1","Gold"
"nuP13","co",2,"e","grab",280.2179,638336701694750111,638336701697552290,"Player 1 hits Network Gold CubeClone1","Gold"
"nuP13","co",2,"e","grab",252.0042,638336701777044823,638336701779564865,"Network Neutral CubeClone32 was picked up","White"
"nuP13","co",2,"e","grab",187.6966,638336701873125917,638336701875002883,"Network Neutral CubeClone46 was picked up","White"
"nuP13","co",2,"e","grab",315.4471,638336701985507939,638336701988662410,"Network Red CubeClone62 was picked up","Red"
"nuP13","co",2,"e","grab",250.0047,638336702093559230,638336702096059277,"Network Red CubeClone71 was picked up","Red"
"nuP13","co",2,"e","grab",270.1699,638336702189491555,638336702192193254,"Network Red CubeClone86 was picked up","Red"
"nuP13","co",2,"e","grab",179.0036,638336702215513578,638336702217303614,"Player 1 hits Network Gold CubeClone77","Gold"
"nuP13","co",2,"e","grab",179.0036,638336702215513578,638336702217303614,"Player 1 hits Network Gold CubeClone77","Gold"
"nuP13","co",2,"e","grab",118.0009,638336702269271859,638336702270451868,"Player 1 hits Network Gold CubeClone98","Gold"
"nuP13","co",2,"e","grab",664.0103,638336702263811765,638336702270451868,"Player 1 hits Network Gold CubeClone98","Gold"
"nuP13","co",2,"e","grab",121.0024,638336702357897029,638336702359107053,"Player 1 hits Network Gold CubeClone105","Gold"
"nuP13","co",2,"e","grab",121.0024,638336702357897029,638336702359107053,"Player 1 hits Network Gold CubeClone105","Gold"
"nuP13","co",2,"e","grab",219.018,638336702427663982,638336702429854162,"Network Red CubeClone120 was picked up","Red"
"nuP13","co",2,"e","grab",308.0172,638336702529096601,638336702532176773,"Player 1 hits Network Gold CubeClone137","Gold"
"nuP13","co",2,"e","grab",308.0172,638336702529096601,638336702532176773,"Player 1 hits Network Gold CubeClone137","Gold"
"nuP13","co",2,"e","grab",297.1845,638336702734320649,638336702737292494,"Network Neutral CubeClone166 was picked up","White"
"nuP13","co",2,"e","grab",250.003,638336702807265388,638336702809765418,"Network Neutral CubeClone175 was picked up","White"
"nuP13","co",2,"e","grab",155.8722,638336702846386773,638336702847945495,"Network Red CubeClone176 was picked up","Red"
"nuP13","co",2,"e","grab",425.5528,638336702968365030,638336702972620558,"Network Red CubeClone198 was picked up","Red"
"nuP13","co",2,"e","grab",204.8815,638336703004851374,638336703006900189,"Player 1 hits Network Gold CubeClone196","Gold"
"nuP13","co",2,"e","grab",204.8815,638336703004851374,638336703006900189,"Player 1 hits Network Gold CubeClone196","Gold"
"nuP13","co",2,"e","grab",214.0028,638336703073421430,638336703075561458,"Player 1 hits Network Gold CubeClone208","Gold"
"nuP13","co",2,"e","grab",214.0028,638336703073421430,638336703075561458,"Player 1 hits Network Gold CubeClone208","Gold"
"nuP13","co",2,"e","grab",287.0048,638336703122350629,638336703125220677,"Network Neutral CubeClone220 was picked up","White"
"nuP13","co",2,"e","grab",332.0053,638336703167992455,638336703171312508,"Network Neutral CubeClone227 was picked up","White"
"nuP13","co",2,"e","grab",213.534,638336703226989739,638336703229125079,"Network Neutral CubeClone233 was picked up","White"
"nuP13","co",2,"e","grab",182.5238,638336703267057922,638336703268883160,"Network Red CubeClone235 was picked up","Red"
"nuP13","co",2,"e","grab",65.0015,638336703348378237,638336703349028252,"Network Neutral CubeClone250 was picked up","White"
"nuP13","co",2,"e","grab",129.0032,638336703388005242,638336703389295274,"Player 1 hits Network Gold CubeClone249","Gold"
"nuP13","co",2,"e","grab",129.0032,638336703388005242,638336703389295274,"Player 1 hits Network Gold CubeClone249","Gold"
"nuP13","co",2,"e","grab",307.0002,638336703437461466,638336703440531468,"Network Red CubeClone262 was picked up","Red"
"nuP13","co",2,"e","grab",140.928,638336703466309166,638336703467718446,"Player 1 hits Network Gold CubeClone261","Gold"
"nuP13","co",2,"e","grab",695.7012,638336703460761434,638336703467718446,"Player 1 hits Network Gold CubeClone261","Gold"
"nuP13","co",2,"e","grab",181.9998,638336703515586909,638336703517406907,"Network Neutral CubeClone275 was picked up","White"
"nuP13","co",2,"e","grab",402.9989,638336703555474119,638336703559504108,"Player 1 hits Network Gold CubeClone272","Gold"
"nuP13","co",2,"e","grab",159.5453,638336703583990083,638336703585585536,"Player 1 hits Network Gold CubeClone285","Gold"
"nuP13","co",2,"e","grab",1949.1425,638336703566094111,638336703585585536,"Player 1 hits Network Gold CubeClone285","Gold"
"nuP13","co",2,"e","grab",109.001,638336703658123693,638336703659213703,"Network Neutral CubeClone293 was picked up","White"
"nuP13","co",2,"e","grab",355.6615,638336703693783655,638336703697340270,"Network Red CubeClone297 was picked up","Red"
"nuP13","co",2,"e","grab",453.1638,638336703766471893,638336703771003531,"Network Red CubeClone307 was picked up","Red"
"nuP13","co",2,"e","grab",114.7705,638336703821464213,638336703822611918,"Player 1 hits Network Gold CubeClone290","Gold"
"nuP13","co",2,"e","grab",114.7705,638336703821464213,638336703822611918,"Player 1 hits Network Gold CubeClone290","Gold"
"nuP13","co",2,"e","grab",124.0012,638336703920284138,638336703921524150,"Network Neutral CubeClone330 was picked up","White"
"nuP13","co",2,"e","grab",314.9998,638336703957444374,638336703960594372,"Network Red CubeClone333 was picked up","Red"
"nuP13","co",2,"e","grab",307.8863,638336703989113442,638336703992192305,"Player 1 hits Network Gold CubeClone322","Gold"
"nuP13","co",2,"e","grab",307.8863,638336703989113442,638336703992192305,"Player 1 hits Network Gold CubeClone322","Gold"
"nuP13","co",2,"e","grab",332.9987,638336704150762677,638336704154092664,"Network Red CubeClone358 was picked up","Red"
"nuP13","co",2,"e","grab",176.9312,638336704185744143,638336704187513455,"Network Red CubeClone365 was picked up","Red"
"nuP13","co",2,"e","grab",589,638336704262581371,638336704268471371,"Player 1 hits Network Gold CubeClone345","Gold"
"nuP13","co",2,"e","grab",235.4952,638336704401096132,638336704403451084,"Network Red CubeClone394 was picked up","Red"
"nuP13","co",2,"e","grab",153.8714,638336704436741388,638336704438280102,"Network Red CubeClone400 was picked up","Red"
"nuP13","co",2,"e","grab",120.0013,638336704476831848,638336704478031861,"Player 1 hits Network Gold CubeClone386","Gold"
"nuP13","co",2,"e","grab",120.0013,638336704476831848,638336704478031861,"Player 1 hits Network Gold CubeClone386","Gold"
"nuP13","co",2,"e","grab",231.0008,638336704530917466,638336704533227474,"Network Neutral CubeClone416 was picked up","White"
"nuP13","co",2,"e","place",726.0117,638336701597297663,638336701604557780,"Network Red CubeClone3 was dropped in DropzonePlaceHolderClone1","Red"
"nuP13","co",2,"e","place",798.0125,638336701661801936,638336701669782061,"Network Red CubeClone14 was dropped in DropzonePlaceHolderClone5","Red"
"nuP13","co",2,"e","place",1260.0179,638336701785374961,638336701797975140,"Network Neutral CubeClone32 was dropped in DropzonePlaceHolderClone4","White"
"nuP13","co",2,"e","place",571.8325,638336702000329269,638336702006047594,"Network Red CubeClone62 was dropped in DropzonePlaceHolderClone4","Red"
"nuP13","co",2,"e","place",742.0219,638336702138549064,638336702145969283,"Network Red CubeClone71 was dropped in DropzonePlaceHolderClone3","Red"
"nuP13","co",2,"e","place",723.0095,638336702200633371,638336702207863466,"Network Red CubeClone86 was dropped in DropzonePlaceHolderClone2","Red"
"nuP13","co",2,"e","place",1110.75,638336702475681364,638336702486788864,"Network Red CubeClone120 was dropped in DropzonePlaceHolderClone1","Red"
"nuP13","co",2,"e","place",837.3466,638336702744527767,638336702752901233,"Network Neutral CubeClone166 was dropped in DropzonePlaceHolderClone4","White"
"nuP13","co",2,"e","place",910.0139,638336702819265545,638336702828365684,"Network Neutral CubeClone175 was dropped in DropzonePlaceHolderClone5","White"
"nuP13","co",2,"e","place",763.0516,638336702857588203,638336702865218719,"Network Red CubeClone176 was dropped in DropzonePlaceHolderClone5","Red"
"nuP13","co",2,"e","place",691.8625,638336702988752332,638336702995670957,"Network Red CubeClone198 was dropped in DropzonePlaceHolderClone3","Red"
"nuP13","co",2,"e","place",948.0153,638336703179992636,638336703189472789,"Network Neutral CubeClone227 was dropped in DropzonePlaceHolderClone2","White"
"nuP13","co",2,"e","place",785.6448,638336703279094937,638336703286951385,"Network Red CubeClone235 was dropped in DropzonePlaceHolderClone2","Red"
"nuP13","co",2,"e","place",510.0075,638336703360514840,638336703365614915,"Network Neutral CubeClone250 was dropped in DropzonePlaceHolderClone5","White"
"nuP13","co",2,"e","place",635.002,638336703450031443,638336703456381463,"Network Red CubeClone262 was dropped in DropzonePlaceHolderClone1","Red"
"nuP13","co",2,"e","place",464.9989,638336703530252630,638336703534902619,"Network Neutral CubeClone275 was dropped in DropzonePlaceHolderClone4","White"
"nuP13","co",2,"e","place",1024.9999,638336703666573683,638336703676823682,"Network Neutral CubeClone293 was dropped in DropzonePlaceHolderClone3","White"
"nuP13","co",2,"e","place",538.911,638336703706881254,638336703712270364,"Network Red CubeClone297 was dropped in DropzonePlaceHolderClone4","Red"
"nuP13","co",2,"e","place",822.934,638336703775512525,638336703783741865,"Network Red CubeClone307 was dropped in DropzonePlaceHolderClone5","Red"
"nuP13","co",2,"e","place",906.9991,638336703929034127,638336703938104118,"Network Neutral CubeClone330 was dropped in DropzonePlaceHolderClone2","White"
"nuP13","co",2,"e","place",875.909,638336703965564532,638336703974323622,"Network Red CubeClone333 was dropped in DropzonePlaceHolderClone3","Red"
"nuP13","co",2,"e","place",634.6981,638336704160794890,638336704167141871,"Network Red CubeClone358 was dropped in DropzonePlaceHolderClone1","Red"
"nuP13","co",2,"e","place",773.1353,638336704197327763,638336704205059116,"Network Red CubeClone365 was dropped in DropzonePlaceHolderClone5","Red"
"nuP13","co",2,"e","place",892.9983,638336704442990105,638336704451920088,"Network Red CubeClone400 was dropped in DropzonePlaceHolderClone4","Red"
"nuP13","comp",1,"e","grab",268.1703,638336711743462166,638336711746143869,"Network Red CubeClone12 was picked up","Red"
"nuP13","comp",1,"e","grab",163.0725,638336711795714368,638336711797345093,"Network Blue CubeClone18 was picked up","Blue"
"nuP13","comp",1,"e","grab",241.8398,638336711828583317,638336711831001715,"Network Neutral CubeClone25 was picked up","White"
"nuP13","comp",1,"e","grab",240.9994,638336711867005031,638336711869415025,"Network Gold Cube WholeClone18 was picked up","Gold"
"nuP13","comp",1,"e","grab",259.9991,638336711929690826,638336711932290817,"Network Red CubeClone35 was picked up","Red"
"nuP13","comp",1,"e","grab",656.677,638336712030387286,638336712036954056,"Network Neutral CubeClone53 was picked up","White"
"nuP13","comp",1,"e","grab",500.0012,638336712066468962,638336712071468974,"Network Gold Cube WholeClone48 was picked up","Gold"
"nuP13","comp",1,"e","grab",1161.9979,638336712124015215,638336712135635194,"Network Gold Cube WholeClone68 was picked up","Gold"
"nuP13","comp",1,"e","grab",186.8978,638336712172028212,638336712173897190,"Network Blue CubeClone69 was picked up","Blue"
"nuP13","comp",1,"e","grab",107.0147,638336712215218570,638336712216288717,"Network Neutral CubeClone78 was picked up","White"
"nuP13","comp",1,"e","grab",94.0015,638336712246898796,638336712247838811,"Network Gold Cube WholeClone71 was picked up","Gold"
"nuP13","comp",1,"e","grab",586.9969,638336712373666332,638336712379536301,"Network Blue CubeClone101 was picked up","Blue"
"nuP13","comp",1,"e","grab",300.8443,638336712412593918,638336712415602361,"Network Blue CubeClone105 was picked up","Blue"
"nuP13","comp",1,"e","grab",140.0691,638336712488193789,638336712489594480,"Network Neutral CubeClone115 was picked up","White"
"nuP13","comp",1,"e","grab",528.664,638336712526929700,638336712532216340,"Network Gold Cube WholeClone101 was picked up","Gold"
"nuP13","comp",1,"e","grab",218.1396,638336712583634480,638336712585815876,"Network Red CubeClone129 was picked up","Red"
"nuP13","comp",1,"e","grab",319.9199,638336712630966571,638336712634165770,"Network Red CubeClone135 was picked up","Red"
"nuP13","comp",1,"e","grab",335.9989,638336712684524510,638336712687884499,"Network Blue CubeClone142 was picked up","Blue"
"nuP13","comp",1,"e","grab",96.9998,638336712724503944,638336712725473942,"Network Gold Cube WholeClone141 was picked up","Gold"
"nuP13","comp",1,"e","grab",158.2825,638336712766851391,638336712768434216,"Network Red CubeClone153 was picked up","Red"
"nuP13","comp",1,"e","grab",175.0977,638336712803803967,638336712805554944,"Network Blue CubeClone158 was picked up","Blue"
"nuP13","comp",1,"e","grab",281.0619,638336712826783815,638336712829594434,"Network Neutral CubeClone162 was picked up","White"
"nuP13","comp",1,"e","grab",1457.995,638336712867586888,638336712882166838,"Network Gold Cube WholeClone172 was picked up","Gold"
"nuP13","comp",1,"e","grab",141.8199,638336712908344845,638336712909763044,"Network Gold Cube WholeClone175 was picked up","Gold"
"nuP13","comp",1,"e","grab",120.9981,638336712977783003,638336712978992984,"Network Neutral CubeClone183 was picked up","White"
"nuP13","comp",1,"e","grab",169.9993,638336713017395945,638336713019095938,"Network Gold Cube WholeClone191 was picked up","Gold"
"nuP13","comp",1,"e","grab",500.5936,638336713071849008,638336713076854944,"Network Blue CubeClone193 was picked up","Blue"
"nuP13","comp",1,"e","grab",256.9997,638336713198421088,638336713200991085,"Network Neutral CubeClone215 was picked up","White"
"nuP13","comp",1,"e","grab",88.9985,638336713244250914,638336713245140899,"Network Neutral CubeClone222 was picked up","White"
"nuP13","comp",1,"e","grab",567.045,638336713277810635,638336713283481085,"Network Gold Cube WholeClone207 was picked up","Gold"
"nuP13","comp",1,"e","grab",189.681,638336713316854150,638336713318750960,"Network Gold Cube WholeClone231 was picked up","Gold"
"nuP13","comp",1,"e","grab",258.6355,638336713383312582,638336713385898937,"Network Red CubeClone238 was picked up","Red"
"nuP13","comp",1,"e","grab",73.2687,638336713511263154,638336713511995841,"Network Gold Cube WholeClone236 was picked up","Gold"
"nuP13","comp",1,"e","grab",79.953,638336713645488863,638336713646288393,"Network Red CubeClone275 was picked up","Red"
"nuP13","comp",1,"e","grab",1181.7713,638336713674544179,638336713686361892,"Network Red CubeClone279 was picked up","Red"
"nuP13","comp",1,"e","grab",971.1533,638336713721195310,638336713730906843,"Network Blue CubeClone287 was picked up","Blue"
"nuP13","comp",1,"e","grab",235.9437,638336713791677830,638336713794037267,"Network Neutral CubeClone297 was picked up","White"
"nuP13","comp",1,"e","grab",133.4135,638336713820948518,638336713822282653,"Network Blue CubeClone298 was picked up","Blue"
"nuP13","comp",1,"e","grab",210.0131,638336713843887559,638336713845987690,"Network Gold Cube WholeClone306 was picked up","Gold"
"nuP13","comp",1,"e","grab",231.6968,638336713857960634,638336713860277602,"Network Blue CubeClone303 was picked up","Blue"
"nuP13","comp",1,"e","grab",18.0005,638336713877133220,638336713877313225,"Network Blue CubeClone306 was picked up","Blue"
"nuP13","comp",1,"e","grab",124.538,638336713880500870,638336713881746250,"Network Neutral CubeClone309 was picked up","White"
"nuP13","comp",1,"e","grab",112.9993,638336713884159140,638336713885289133,"Network Blue CubeClone310 was picked up","Blue"
"nuP13","comp",1,"e","grab",173.6105,638336713888000545,638336713889736650,"Network Neutral CubeClone311 was picked up","White"
"nuP13","comp",1,"e","grab",1708.5547,638336713879910345,638336713896995892,"Network Gold Cube WholeClone310 was picked up","Gold"
"nuP13","comp",1,"e","grab",191.049,638336713902737789,638336713904648279,"Network Red CubeClone312 was picked up","Red"
"nuP13","comp",1,"e","grab",253.9996,638336713914731359,638336713917271355,"Network Red CubeClone314 was picked up","Red"
"nuP13","comp",1,"e","grab",274.0112,638336713955726434,638336713958466546,"Network Gold Cube WholeClone320 was picked up","Gold"
"nuP13","comp",1,"e","grab",173.9993,638336714043123043,638336714044863036,"Network Blue CubeClone330 was picked up","Blue"
"nuP13","comp",1,"e","grab",275.6826,638336714080218481,638336714082975307,"Network Neutral CubeClone339 was picked up","White"
"nuP13","comp",1,"e","grab",433.8538,638336714114116979,638336714118455517,"Network Gold Cube WholeClone325 was picked up","Gold"
"nuP13","comp",1,"e","grab",296.0101,638336714159735399,638336714162695500,"Network Red CubeClone350 was picked up","Red"
"nuP13","comp",1,"e","grab",65.0002,638336714210300681,638336714210950683,"Network Blue CubeClone357 was picked up","Blue"
"nuP13","comp",1,"e","grab",83.8783,638336714254703394,638336714255542177,"Network Neutral CubeClone361 was picked up","White"
"nuP13","comp",1,"e","grab",666.6856,638336714264051951,638336714270718807,"Network Gold Cube WholeClone348 was picked up","Gold"
"nuP13","comp",1,"e","grab",330.999,638336714287258779,638336714290568769,"Network Neutral CubeClone367 was picked up","White"
"nuP13","comp",1,"e","grab",419.6622,638336714363970296,638336714368166918,"Network Blue CubeClone378 was picked up","Blue"
"nuP13","comp",1,"e","grab",138.0004,638336714392675020,638336714394055024,"Network Neutral CubeClone382 was picked up","White"
"nuP13","comp",1,"e","grab",107.7492,638336714429163452,638336714430240944,"Network Neutral CubeClone385 was picked up","White"
"nuP13","comp",1,"e","grab",216.0003,638336714514623528,638336714516783531,"Network Blue CubeClone396 was picked up","Blue"
"nuP13","comp",1,"e","grab",102.8465,638336714543844567,638336714544873032,"Network Blue CubeClone399 was picked up","Blue"
"nuP13","comp",1,"e","grab",76.0013,638336714577312952,638336714578072965,"Network Neutral CubeClone408 was picked up","White"
"nuP13","comp",1,"e","grab",151.9568,638336714607325246,638336714608844814,"Network Gold Cube WholeClone393 was picked up","Gold"
"nuP13","comp",1,"e","grab",280,638336714642893396,638336714645693396,"Network Red CubeClone412 was picked up","Red"
"nuP13","comp",1,"e","place",885.942,638336711719081581,638336711727941001,"Network Gold Cube WholeClone7 was dropped in DropzonePlaceHolderClone1","Gold"
"nuP13","comp",1,"e","place",591.1426,638336711753281859,638336711759193285,"Network Red CubeClone12 was dropped in DropzonePlaceHolderClone2","Red"
"nuP13","comp",1,"e","place",761.5666,638336711804205040,638336711811820706,"Network Blue CubeClone18 was dropped in DropzonePlaceHolderClone3","Blue"
"nuP13","comp",1,"e","place",620.2663,638336711839620385,638336711845823048,"Network Neutral CubeClone25 was dropped in DropzonePlaceHolderClone4","White"
"nuP13","comp",1,"e","place",1288.8884,638336711892334950,638336711905223834,"Network Gold Cube WholeClone18 was dropped in DropzonePlaceHolderClone5","Gold"
"nuP13","comp",1,"e","place",830.9971,638336711936870795,638336711945180766,"Network Red CubeClone35 was dropped in DropzonePlaceHolderClone1","Red"
"nuP13","comp",1,"e","place",1026.9723,638336711969232448,638336711979502171,"Network Red CubeClone40 was dropped in DropzonePlaceHolderClone5","Red"
"nuP13","comp",1,"e","place",735,638336712008830382,638336712016180382,"Network Blue CubeClone48 was dropped in DropzonePlaceHolderClone2","Blue"
"nuP13","comp",1,"e","place",650.8771,638336712045729229,638336712052238000,"Network Neutral CubeClone53 was dropped in DropzonePlaceHolderClone3","White"
"nuP13","comp",1,"e","place",701.9976,638336712142215160,638336712149235136,"Network Gold Cube WholeClone68 was dropped in DropzonePlaceHolderClone4","Gold"
"nuP13","comp",1,"e","place",566.7733,638336712180754481,638336712186422214,"Network Blue CubeClone69 was dropped in DropzonePlaceHolderClone1","Blue"
"nuP13","comp",1,"e","place",610.007,638336712222508833,638336712228608903,"Network Neutral CubeClone78 was dropped in DropzonePlaceHolderClone2","White"
"nuP13","comp",1,"e","place",941.9957,638336712254181107,638336712263601064,"Network Gold Cube WholeClone71 was dropped in DropzonePlaceHolderClone3","Gold"
"nuP13","comp",1,"e","place",786.7682,638336712299963910,638336712307831592,"Network Red CubeClone87 was dropped in DropzonePlaceHolderClone4","Red"
"nuP13","comp",1,"e","place",1096.8523,638336712422308236,638336712433276759,"Network Blue CubeClone105 was dropped in DropzonePlaceHolderClone5","Blue"
"nuP13","comp",1,"e","place",583.4692,638336712463986479,638336712469821171,"Network Neutral CubeClone112 was dropped in DropzonePlaceHolderClone1","White"
"nuP13","comp",1,"e","place",1023.2442,638336712499577964,638336712509810406,"Network Neutral CubeClone115 was dropped in DropzonePlaceHolderClone5","White"
"nuP13","comp",1,"e","place",908.0337,638336712537367924,638336712546448261,"Network Gold Cube WholeClone101 was dropped in DropzonePlaceHolderClone2","Gold"
"nuP13","comp",1,"e","place",909.7004,638336712638206485,638336712647303489,"Network Red CubeClone135 was dropped in DropzonePlaceHolderClone3","Red"
"nuP13","comp",1,"e","place",1096.8719,638336712694234487,638336712705203206,"Network Blue CubeClone142 was dropped in DropzonePlaceHolderClone4","Blue"
"nuP13","comp",1,"e","place",793.9993,638336712729873916,638336712737813909,"Network Gold Cube WholeClone141 was dropped in DropzonePlaceHolderClone1","Gold"
"nuP13","comp",1,"e","place",689.2885,638336712772514302,638336712779407187,"Network Red CubeClone153 was dropped in DropzonePlaceHolderClone2","Red"
"nuP13","comp",1,"e","place",709.9979,638336712814454361,638336712821554340,"Network Blue CubeClone158 was dropped in DropzonePlaceHolderClone3","Blue"
"nuP13","comp",1,"e","place",685.059,638336712833945262,638336712840795852,"Network Neutral CubeClone162 was dropped in DropzonePlaceHolderClone4","White"
"nuP13","comp",1,"e","place",1291.539,638336712918133259,638336712931048649,"Network Gold Cube WholeClone175 was dropped in DropzonePlaceHolderClone5","Gold"
"nuP13","comp",1,"e","place",886.994,638336712983942983,638336712992812923,"Network Neutral CubeClone183 was dropped in DropzonePlaceHolderClone1","White"
"nuP13","comp",1,"e","place",759.9226,638336713023657768,638336713031256994,"Network Gold Cube WholeClone191 was dropped in DropzonePlaceHolderClone2","Gold"
"nuP13","comp",1,"e","place",764.0428,638336713081903129,638336713089543557,"Network Blue CubeClone193 was dropped in DropzonePlaceHolderClone4","Blue"
"nuP13","comp",1,"e","place",737.1181,638336713148149803,638336713155520984,"Network Red CubeClone206 was dropped in DropzonePlaceHolderClone3","Red"
"nuP13","comp",1,"e","place",961.4418,638336713252096787,638336713261711205,"Network Neutral CubeClone222 was dropped in DropzonePlaceHolderClone5","White"
"nuP13","comp",1,"e","place",1122.0336,638336713288131189,638336713299351525,"Network Gold Cube WholeClone207 was dropped in DropzonePlaceHolderClone1","Gold"
"nuP13","comp",1,"e","place",529.6863,638336713394565955,638336713399862818,"Network Red CubeClone238 was dropped in DropzonePlaceHolderClone2","Red"
"nuP13","comp",1,"e","place",817.0662,638336713430980761,638336713439151423,"Network Blue CubeClone242 was dropped in DropzonePlaceHolderClone3","Blue"
"nuP13","comp",1,"e","place",1292.9934,638336713531359323,638336713544289257,"Network Gold Cube WholeClone236 was dropped in DropzonePlaceHolderClone5","Gold"
"nuP13","comp",1,"e","place",652.9963,638336713592107708,638336713598637671,"Network Neutral CubeClone268 was dropped in DropzonePlaceHolderClone4","White"
"nuP13","comp",1,"e","place",976.0146,638336713692497993,638336713702258139,"Network Red CubeClone279 was dropped in DropzonePlaceHolderClone1","Red"
"nuP13","comp",1,"e","place",878.7681,638336713738808471,638336713747596152,"Network Blue CubeClone287 was dropped in DropzonePlaceHolderClone2","Blue"
"nuP13","comp",1,"e","place",916.9908,638336713800717466,638336713809887374,"Network Neutral CubeClone297 was dropped in DropzonePlaceHolderClone3","White"
"nuP13","comp",1,"e","place",1005.0587,638336713963266530,638336713973317117,"Network Gold Cube WholeClone320 was dropped in DropzonePlaceHolderClone4","Gold"
"nuP13","comp",1,"e","place",1163.0335,638336714011056460,638336714022686795,"Network Red CubeClone327 was dropped in DropzonePlaceHolderClone5","Red"
"nuP13","comp",1,"e","place",1024.2616,638336714050334909,638336714060577525,"Network Blue CubeClone330 was dropped in DropzonePlaceHolderClone1","Blue"
"nuP13","comp",1,"e","place",859.4505,638336714089036913,638336714097631418,"Network Neutral CubeClone339 was dropped in DropzonePlaceHolderClone2","White"
"nuP13","comp",1,"e","place",760.971,638336714123706345,638336714131316055,"Network Gold Cube WholeClone325 was dropped in DropzonePlaceHolderClone3","Gold"
"nuP13","comp",1,"e","place",498.0017,638336714172127461,638336714177107478,"Network Red CubeClone350 was dropped in DropzonePlaceHolderClone4","Red"
"nuP13","comp",1,"e","place",1132.9987,638336714217370666,638336714228700653,"Network Blue CubeClone357 was dropped in DropzonePlaceHolderClone5","Blue"
"nuP13","comp",1,"e","place",671.1107,638336714348310397,638336714355021504,"Network Gold Cube WholeClone369 was dropped in DropzonePlaceHolderClone2","Gold"
"nuP13","comp",1,"e","place",688.1052,638336714374404152,638336714381285204,"Network Blue CubeClone378 was dropped in DropzonePlaceHolderClone3","Blue"
"nuP13","comp",1,"e","place",648.0932,638336714401625007,638336714408105939,"Network Neutral CubeClone382 was dropped in DropzonePlaceHolderClone1","White"
"nuP13","comp",1,"e","place",540.9992,638336714439281588,638336714444691580,"Network Neutral CubeClone385 was dropped in DropzonePlaceHolderClone5","White"
"nuP13","comp",1,"e","place",822.9494,638336714466812544,638336714475042038,"Network Blue CubeClone387 was dropped in DropzonePlaceHolderClone4","Blue"
"nuP13","comp",1,"e","place",605.9998,638336714551403006,638336714557463004,"Network Blue CubeClone399 was dropped in DropzonePlaceHolderClone1","Blue"
"nuP13","comp",1,"e","place",661.9984,638336714585902931,638336714592522915,"Network Neutral CubeClone408 was dropped in DropzonePlaceHolderClone2","White"
"nuP13","comp",1,"e","place",651.1704,638336714616101722,638336714622613426,"Network Gold Cube WholeClone393 was dropped in DropzonePlaceHolderClone3","Gold"
